age,sex,sex_2_TEXT,gender,gender_4_TEXT,relation_1,relation_2,relation_3,relation_4,relation_5,relation_6,relation_7,relation_7_TEXT,kids,soibh_1,soibh_2,soibh_3,soiatt_1,soiatt_2,soiatt_3,soides_1,soides_2,soides_3,sdo_1,sdo_2,sdo_3,sdo_4,sdo_5,sdo_6,sdo_7,sdo_8,sdo_9,sdo_10,sdo_11,sdo_12,sdo_13,sdo_14,moral_7,moral_8,moral_9,moral_10,moral_11,moral_12,moral_1,moral_2,moral_3,moral_4,moral_5,moral_6,sexorien,sexorien_3_TEXT,ethnic,ethnic_0_TEXT,ethnic_1_TEXT,ethnic_2_TEXT,ethnic_3_TEXT,ethnic_6_TEXT,relafil,relafil_9_TEXT,rel_1,polit_1,withdraw,ID,counter,soiatt_3R,soibh,soibh2,soiatt,soides,soitot,sdo_8R,sdo_9R,sdo_10R,sdo_11R,sdo_12R,sdo_13R,sdo_14R,sdo,moral_2R,moral_4R,moral_8R,moral_10R,moral_wo,moral_men
28,Female,NA,1,NA,NA,NA,NA,NA,1,NA,NA,NA,0,2,1,NA,6,1,7,1,1,1,1,1,1,1,1,2,3,3,4,6,5,6,6,5,4,6,2,2,4,4,3,5,3,4,4,4,0,NA,0,NA,NA,NA,NA,NA,0,NA,1,4,0,5e2b858a17494e1dc35c7403,Male promiscuity first,3,1.5,1,3.333333333,1,1.944444444,5,4,2,3,2,2,3,2.214285714,3,4,2,6,3.5,3.666666667
21,Male,NA,0,NA,NA,NA,NA,NA,1,NA,NA,NA,0,2,2,1,9,9,1,9,6,9,2,3,3,5,2,2,6,7,7,7,7,7,5,4,1,7,1,7,1,2,1,7,1,7,1,2,0,NA,0,NA,NA,NA,NA,NA,0,NA,1,4,0,5e398af63b96591a2b8868df,Female promiscuity first,9,1.666666667,1.5,9,8,6.222222222,1,1,1,1,1,3,4,2.5,1,1,1,1,1.166666667,1.166666667
20,Male,NA,0,NA,1,NA,NA,NA,NA,NA,NA,NA,0,1,2,1,9,8,2,9,5,4,2,2,5,2,6,2,7,2,2,5,4,6,3,5,1,7,1,7,1,1,1,7,1,7,1,1,0,NA,0,NA,NA,NA,NA,NA,0,NA,1,4,0,5d232c2b997f63001b547df5,Male promiscuity first,8,1.333333333,1.5,8.333333333,6,5.222222222,6,6,3,4,2,5,3,3.928571429,1,1,1,1,1,1
18,Male,NA,0,NA,NA,NA,NA,NA,1,NA,NA,NA,0,2,3,2,9,9,1,2,1,2,7,7,5,4,5,5,5,6,5,6,5,6,6,5,1,7,1,7,1,1,1,7,1,7,1,1,0,NA,2,NA,NA,NA,NA,NA,5,NA,1,3,0,5b8dab9eb91f4c0001994637,Female promiscuity first,9,2.333333333,2.5,9,1.666666667,4.333333333,2,3,2,3,2,2,3,3.928571429,1,1,1,1,1,1
21,Female,NA,1,NA,NA,NA,NA,NA,1,NA,NA,NA,0,3,1,1,7,1,9,1,1,1,5,6,4,6,4,6,7,5,4,4,4,3,4,5,4,5,3,4,4,5,5,4,4,4,4,5,0,NA,0,slavic,NA,NA,NA,NA,1,NA,5,4,0,5f3a5df273930b056615430e,Female promiscuity first,1,1.666666667,1,3,1,1.888888889,3,4,4,4,5,4,3,4.642857143,4,4,3,4,4.333333333,3.833333333
20,Female,NA,1,NA,NA,1,NA,NA,NA,NA,NA,NA,0,1,1,1,9,4,7,2,2,1,1,1,2,3,1,1,5,7,7,7,7,7,7,7,2,6,2,6,2,3,2,6,2,6,2,3,0,NA,0,NA,NA,NA,NA,NA,9,Spiritualism,5,1,0,5a033ac3f2e3460001edabac,Male promiscuity first,3,1,1,5.333333333,1.666666667,2.666666667,1,1,1,1,1,1,1,1.5,2,2,2,2,2.166666667,2.166666667
30,Male,NA,0,NA,NA,NA,NA,NA,NA,1,NA,NA,0,2,2,2,3,1,3,2,6,2,2,3,5,3,2,2,6,5,3,5,6,6,5,6,6,5,3,5,5,5,6,5,5,2,6,6,0,NA,0,NA,NA,NA,NA,NA,1,NA,2,4,0,5f1af086e0ba3225821329c7,Female promiscuity first,7,2,2,3.666666667,3.333333333,3,3,5,3,2,2,3,2,3.071428571,3,6,3,3,5.333333333,4.166666667
21,Female,NA,1,NA,NA,NA,1,NA,NA,NA,NA,NA,0,6,2,4,9,8,1,7,6,7,1,2,1,1,1,1,2,5,6,7,7,7,7,7,1,7,1,7,2,1,1,7,1,7,1,1,0,NA,0,NA,NA,NA,NA,NA,0,NA,1,4,0,5ca5dfd08bc0bf00016dfe26,Male promiscuity first,9,4,3,8.666666667,6.666666667,6.444444444,3,2,1,1,1,1,1,1.357142857,1,1,1,1,1,1.166666667
23,Female,NA,1,NA,NA,NA,NA,NA,1,NA,NA,NA,0,2,1,1,6,7,9,1,1,1,2,1,1,1,2,1,3,7,7,7,7,7,7,7,1,7,1,7,1,1,1,7,1,7,1,1,0,NA,0,NA,NA,NA,NA,NA,0,NA,1,1,0,5d34d46f0627450015214b75,Female promiscuity first,1,1.333333333,1,4.666666667,1,2.333333333,1,1,1,1,1,1,1,1.285714286,1,1,1,1,1,1
26,Female,NA,1,NA,NA,NA,NA,NA,1,NA,NA,NA,0,2,2,1,9,9,1,8,3,5,2,4,1,6,1,1,3,7,7,7,7,7,7,7,2,7,1,6,2,3,1,7,1,7,1,1,0,NA,2,NA,NA,NA,NA,NA,0,NA,1,2,0,5eb02afee679c606c59c44b0,Male promiscuity first,9,1.666666667,1.5,9,5.333333333,5.333333333,1,1,1,1,1,1,1,1.785714286,1,1,1,2,1,1.833333333
27,Male,NA,0,NA,NA,NA,NA,NA,1,NA,NA,NA,0,2,9,9,9,9,1,2,2,2,5,4,5,2,3,3,5,3,4,4,3,3,3,3,1,7,1,4,2,1,2,7,1,6,1,1,0,NA,0,NA,NA,NA,NA,NA,0,NA,1,6,0,5e66b7bd757e61441b943a40,Male promiscuity first,9,6.666666667,9,9,2,5.888888889,5,4,4,5,5,5,5,4.285714286,1,2,1,4,1.333333333,1.666666667
34,Female,NA,1,NA,NA,NA,NA,NA,NA,1,NA,NA,0,1,1,1,7,2,6,2,1,1,1,1,1,3,2,2,1,6,7,6,7,6,7,7,2,6,2,6,2,2,2,6,2,6,2,2,0,NA,0,NA,NA,NA,NA,NA,8,NA,1,3,0,5c3d19e75f5dca00019abdbd,Male promiscuity first,4,1,1,4.333333333,1.333333333,2.222222222,2,1,2,1,2,1,1,1.5,2,2,2,2,2,2
18,Male,NA,0,NA,NA,NA,NA,1,NA,NA,NA,NA,0,2,1,1,8,6,4,8,7,5,1,1,5,5,1,1,2,7,7,7,7,7,7,3,5,7,1,1,3,5,5,7,2,5,4,5,0,NA,0,NA,NA,NA,NA,NA,0,NA,2,3,0,5f025df7ac08ac3fc4fc6e07,Male promiscuity first,6,1.333333333,1,6.666666667,6.666666667,4.888888889,1,1,1,1,1,1,5,1.928571429,1,3,1,7,3.333333333,3.666666667
NA,Female,NA,1,NA,NA,NA,NA,NA,1,NA,NA,NA,0,2,1,1,9,9,4,2,2,2,1,1,1,1,1,1,3,7,7,7,7,7,7,7,1,7,1,7,1,1,1,7,1,7,1,1,0,NA,1,NA,NA,NA,NA,NA,0,NA,1,4,0,5bf58c94d382df0001b9f176,Female promiscuity first,6,1.333333333,1,8,2,3.777777778,1,1,1,1,1,1,1,1.142857143,1,1,1,1,1,1
25,Female,NA,1,NA,NA,NA,NA,NA,1,NA,NA,NA,0,2,8,8,8,6,4,4,2,1,1,1,1,1,1,1,1,7,7,7,7,7,7,7,1,7,1,7,1,1,1,7,1,7,1,1,0,NA,0,NA,NA,NA,NA,NA,0,NA,1,1,0,5d13cc6dbe89fb001ae95f4c,Female promiscuity first,6,6,8,6.666666667,2.333333333,5,1,1,1,1,1,1,1,1,1,1,1,1,1,1
29,Female,NA,1,NA,NA,NA,NA,NA,1,NA,NA,NA,0,2,1,1,5,1,5,2,2,2,4,5,5,5,1,1,1,6,6,7,7,7,7,7,1,6,3,6,3,4,2,6,3,6,2,1,0,NA,0,NA,NA,NA,NA,NA,1,NA,4,3,0,5e1ee2050c0b3120e01eeec1,Male promiscuity first,5,1.333333333,1,3.666666667,2,2.333333333,2,2,1,1,1,1,1,2.214285714,2,2,2,2,2,2.5
39,Female,NA,1,NA,NA,1,NA,NA,NA,NA,NA,NA,0,3,2,1,5,1,9,2,3,2,2,2,4,2,1,1,4,6,6,6,6,3,6,5,6,4,4,3,3,3,6,4,4,3,4,3,0,NA,1,NA,NA,NA,NA,NA,1,NA,1,4,0,5f04f6f671b1197e2721ddf8,Female promiscuity first,1,2,1.5,2.333333333,2.333333333,2.222222222,2,2,2,2,5,2,3,2.428571429,4,5,4,5,4.333333333,4.166666667
32,Male,NA,0,NA,1,NA,NA,NA,NA,NA,NA,NA,0,3,2,8,5,7,2,9,6,9,6,6,2,6,6,6,6,6,6,6,4,5,6,6,2,6,2,6,5,2,2,6,2,6,4,4,0,NA,0,NA,NA,NA,NA,NA,1,NA,1,4,0,5ea73933b5f2970ff58ef5ba,Female promiscuity first,8,4.333333333,5,6.666666667,8,6.333333333,2,2,2,4,3,2,2,3.928571429,2,2,2,2,2.666666667,2.5
22,Female,NA,1,NA,NA,NA,NA,NA,1,NA,NA,NA,0,1,1,1,8,2,7,2,2,1,1,1,1,2,2,1,3,6,7,7,6,6,7,6,2,6,1,6,2,2,2,6,1,6,1,1,0,NA,0,Russian,NA,NA,NA,NA,0,NA,2,2,0,5f284c02621c3811c1484243,Male promiscuity first,3,1,1,4.333333333,1.666666667,2.333333333,2,1,1,2,2,1,2,1.571428571,2,2,2,2,1.5,1.833333333
33,Male,NA,0,NA,NA,NA,NA,NA,NA,1,NA,NA,0,2,5,5,9,7,2,6,1,1,1,1,1,1,1,1,2,7,7,7,7,7,7,7,1,7,1,7,1,1,1,7,1,7,1,1,0,NA,0,NA,NA,NA,NA,NA,0,NA,1,3,0,5c8582b1969e2600012b2f0d,Female promiscuity first,8,4,5,8,2.666666667,4.888888889,1,1,1,1,1,1,1,1.071428571,1,1,1,1,1,1
25,Female,NA,1,NA,NA,NA,NA,NA,1,NA,NA,NA,0,2,2,4,9,5,1,1,1,1,2,1,1,1,1,1,4,7,7,7,7,7,7,7,1,7,1,1,1,1,1,7,1,7,1,1,0,NA,0,NA,NA,NA,NA,NA,9,Orthodox,3,3,0,NA,Female promiscuity first,9,2.666666667,3,7.666666667,1,3.777777778,1,1,1,1,1,1,1,1.285714286,1,1,1,7,1,2
22,Female,NA,1,NA,NA,1,NA,NA,NA,NA,NA,NA,0,1,1,1,8,2,6,6,4,3,2,1,2,1,2,1,1,7,7,7,6,7,6,7,7,7,1,6,4,3,1,7,1,7,1,1,0,NA,5,NA,NA,NA,NA,NA,8,NA,4,3,0,5db5e53f8f531c000c2a4160,Male promiscuity first,4,1,1,4.666666667,4.333333333,3.333333333,1,1,1,2,1,2,1,1.357142857,1,1,1,2,1,3
31,Female,NA,1,NA,NA,NA,NA,NA,1,NA,NA,NA,0,2,8,9,9,8,1,2,1,1,1,1,1,1,2,1,2,6,7,7,5,6,7,6,2,7,1,6,1,1,2,7,1,7,1,1,0,NA,0,Swedish,NA,NA,NA,NA,0,NA,2,5,0,5efc8bdbaa189603344de39b,Male promiscuity first,9,6.333333333,8.5,8.666666667,1.333333333,5.444444444,2,1,1,3,2,1,2,1.5,1,1,1,2,1.166666667,1.333333333
29,Female,NA,1,NA,NA,NA,NA,NA,NA,1,NA,NA,0,2,4,3,8,7,3,6,2,2,2,2,2,2,2,2,2,4,5,6,4,5,6,5,2,6,2,6,2,2,2,6,2,6,2,2,0,NA,0,NA,NA,NA,NA,NA,1,NA,2,4,0,5f319a87c6fbfb08cd4fa5fa,Male promiscuity first,7,3,3.5,7.333333333,3.333333333,4.555555556,4,3,2,4,3,2,3,2.5,2,2,2,2,2,2
20,Female,NA,1,NA,1,NA,NA,NA,NA,NA,NA,NA,0,2,2,2,6,6,3,1,1,1,2,2,2,2,3,1,3,5,5,5,5,5,7,5,4,6,3,5,4,4,3,6,2,5,1,2,0,NA,2,NA,NA,Afghan,NA,NA,5,NA,5,3,0,5f0bb33f510abc4d6c6d1fe8,Male promiscuity first,7,2,2,6.333333333,1,3.111111111,3,3,3,3,3,1,3,2.428571429,2,3,2,3,2.166666667,3.333333333
23,Female,NA,1,NA,NA,NA,NA,NA,1,NA,NA,NA,0,2,1,1,5,1,7,1,1,1,5,1,3,1,1,1,3,6,6,7,6,6,6,6,2,7,4,6,2,2,2,7,4,6,2,2,0,NA,0,NA,NA,NA,NA,NA,0,NA,1,5,0,5e75199eb369c507df8e19ab,Female promiscuity first,3,1.333333333,1,3,1,1.777777778,2,2,1,2,2,2,2,2,1,2,1,2,2.166666667,2.166666667
31,Female,NA,1,NA,NA,NA,NA,NA,1,NA,NA,NA,0,2,2,5,8,7,3,2,2,1,1,1,1,1,1,1,3,6,6,7,6,6,7,6,1,7,1,7,1,1,1,7,1,7,1,1,0,NA,0,NA,NA,NA,NA,NA,1,NA,4,2,0,5efbbd0a1633a916bf31a948,Female promiscuity first,7,3,3.5,7.333333333,1.666666667,4,2,2,1,2,2,1,2,1.5,1,1,1,1,1,1
29,Female,NA,1,NA,NA,1,NA,NA,NA,NA,NA,NA,0,1,1,1,9,1,9,8,8,7,1,1,1,3,1,1,1,7,7,7,7,7,7,7,1,7,1,7,1,1,1,7,1,7,1,1,0,NA,0,NA,NA,NA,NA,NA,NA,NA,3,1,0,5c9c2570a1bfdf00145c54c3,Female promiscuity first,1,1,1,3.666666667,7.666666667,4.111111111,1,1,1,1,1,1,1,1.142857143,1,1,1,1,1,1
20,Female,NA,1,NA,NA,NA,NA,NA,1,NA,NA,NA,0,2,2,3,3,1,7,1,3,2,2,3,3,2,3,4,5,5,6,6,6,6,6,5,1,7,1,7,3,3,1,7,1,5,2,2,0,NA,2,NA,NA,srilankan,NA,NA,4,NA,3,3,0,5c9a56fa350ac700170d45f3,Male promiscuity first,3,2.333333333,2.5,2.333333333,2,2.222222222,3,2,2,2,2,2,3,2.714285714,1,3,1,1,1.666666667,1.666666667
30,Female,NA,1,NA,NA,NA,NA,NA,NA,1,NA,NA,0,2,1,1,1,1,9,2,2,1,2,2,3,2,1,1,3,5,5,5,5,6,6,6,6,3,6,2,2,1,5,3,6,2,1,1,0,NA,2,NA,NA,NA,NA,NA,1,NA,4,4,0,5f039b1f24106e5d60e9e039,Female promiscuity first,1,1.333333333,1,1,1.666666667,1.333333333,3,3,3,3,2,2,2,2.285714286,5,6,5,6,4,4.333333333
20,Female,NA,1,NA,NA,NA,NA,NA,1,NA,NA,NA,0,2,1,1,7,2,9,6,2,1,2,1,4,2,3,1,2,6,6,7,6,6,6,7,1,7,1,7,1,1,1,7,1,7,1,1,0,NA,0,NA,NA,NA,NA,NA,1,NA,2,3,0,5d23a3b27e87460015593b82,Female promiscuity first,1,1.333333333,1,3.333333333,3,2.555555556,2,2,1,2,2,2,1,1.928571429,1,1,1,1,1,1
23,Male,NA,0,NA,NA,NA,NA,NA,1,NA,NA,NA,0,2,2,2,9,6,3,7,6,6,3,2,1,1,1,1,1,7,7,7,6,6,6,6,2,7,2,6,2,2,2,7,1,6,1,1,0,NA,0,NA,NA,NA,NA,NA,1,NA,2,3,0,5c4e54055994ca00011328cd,Female promiscuity first,7,2,2,7.333333333,6.333333333,5.222222222,1,1,1,2,2,2,2,1.5,1,2,1,2,1.333333333,1.833333333
25,Female,NA,1,NA,NA,NA,NA,NA,1,NA,NA,NA,0,2,8,8,9,5,2,6,3,3,1,1,1,1,1,1,3,6,7,7,7,7,7,7,2,6,2,6,1,2,1,7,2,7,1,1,0,NA,0,slovak,NA,NA,NA,NA,0,NA,1,4,0,5df7f2a06aab7c59c3dc3b9e,Male promiscuity first,8,6,8,7.333333333,4,5.777777778,2,1,1,1,1,1,1,1.214285714,1,1,2,2,1.166666667,1.833333333
23,Male,NA,0,NA,NA,NA,NA,NA,1,NA,NA,NA,0,4,3,3,9,5,3,3,2,2,2,3,1,2,1,1,1,6,6,6,5,5,7,5,1,7,1,7,1,1,1,7,1,7,1,1,0,NA,0,NA,NA,NA,NA,NA,0,NA,1,3,0,5f496e529b01a64d19365c50,Female promiscuity first,7,3.333333333,3,7,2.333333333,4.222222222,2,2,2,3,3,1,3,1.928571429,1,1,1,1,1,1
27,Female,NA,1,NA,1,NA,NA,NA,NA,NA,NA,NA,0,1,1,1,8,1,8,6,2,1,1,1,1,1,1,1,1,6,7,7,7,7,7,7,4,5,2,4,2,2,4,5,2,4,2,2,0,NA,0,NA,NA,NA,NA,NA,0,NA,1,2,0,5b0c33b1444cef0001ca5382,Female promiscuity first,2,1,1,3.666666667,3,2.555555556,2,1,1,1,1,1,1,1.071428571,3,4,3,4,2.833333333,2.833333333
34,Female,NA,1,NA,NA,NA,NA,NA,NA,1,NA,NA,0,2,1,1,7,2,8,1,1,1,1,1,1,1,3,1,4,7,7,7,7,7,7,7,6,6,2,2,4,4,2,6,2,6,4,4,0,NA,2,NA,NA,NA,NA,NA,7,NA,4,4,0,5f05930122e449024591bf50,Male promiscuity first,2,1.333333333,1,3.666666667,1,2,1,1,1,1,1,1,1,1.357142857,2,2,2,6,2.666666667,4
31,Male,NA,0,NA,NA,1,NA,NA,NA,NA,NA,NA,0,2,1,2,7,6,2,5,3,2,2,2,6,2,2,2,2,6,6,6,6,6,6,6,2,6,2,6,2,2,2,6,2,6,2,2,0,NA,0,Greek,NA,NA,NA,NA,1,NA,4,4,0,5cdee62f7f65ee001a9855ba,Female promiscuity first,8,1.666666667,1.5,7,3.333333333,4,2,2,2,2,2,2,2,2.285714286,2,2,2,2,2,2
20,Female,NA,1,NA,1,NA,NA,NA,NA,NA,NA,NA,0,1,1,1,3,5,9,4,2,5,5,2,1,2,3,5,3,6,7,7,5,7,7,7,6,5,3,3,5,5,5,6,3,5,4,5,0,NA,0,NA,NA,NA,NA,NA,1,NA,5,4,0,5efe327ec4efc3316050ab13,Male promiscuity first,1,1,1,3,3.666666667,2.555555556,2,1,1,3,1,1,1,2.214285714,2,3,3,5,3.666666667,4.5
26,Female,NA,1,NA,NA,NA,NA,NA,1,NA,NA,NA,0,2,4,3,8,4,3,6,4,2,3,3,5,3,3,3,3,5,5,5,6,6,7,7,3,6,2,4,4,4,3,6,2,4,3,3,0,NA,0,NA,NA,NA,NA,NA,0,NA,1,4,0,5b1ec77744127b0001400ec0,Male promiscuity first,7,3,3.5,6.333333333,4,4.444444444,3,3,3,2,2,1,1,2.714285714,2,4,2,4,2.833333333,3.166666667
27,Male,NA,0,NA,NA,NA,NA,NA,1,NA,NA,NA,0,2,3,8,8,8,3,7,5,5,5,5,4,3,2,1,6,5,7,7,7,7,7,7,2,6,2,5,4,2,2,6,3,6,2,2,0,NA,3,NA,NA,NA,african/italian,NA,1,NA,3,5,0,5e73ca93f1e6520b267b7709,Male promiscuity first,7,4.333333333,5.5,7.666666667,5.666666667,5.888888889,3,1,1,1,1,1,1,2.5,2,2,2,3,2.166666667,2.5
33,Female,NA,1,NA,NA,1,NA,NA,NA,NA,NA,NA,0,1,2,2,7,4,7,3,3,3,1,1,3,2,2,1,2,6,6,7,6,4,5,4,2,6,2,5,6,6,2,6,2,6,5,5,0,NA,0,NA,NA,NA,NA,NA,8,NA,1,3,0,5d9c2a38d6e56402c8b916dc,Male promiscuity first,3,1.666666667,2,4.666666667,3,3.111111111,2,2,1,2,4,3,4,2.142857143,2,2,2,3,3,3.5
19,Male,NA,0,NA,NA,1,NA,NA,NA,NA,NA,NA,0,3,2,3,9,8,3,3,4,5,1,1,1,1,1,1,6,5,5,7,7,6,7,7,1,7,1,7,1,1,1,7,1,6,1,1,0,NA,1,NA,NA,NA,NA,NA,1,NA,5,4,0,5e85d54f97225603e14f4ce9,Female promiscuity first,7,2.666666667,2.5,8,4,4.888888889,3,3,1,1,2,1,1,1.714285714,1,2,1,1,1.166666667,1
22,Female,NA,1,NA,NA,NA,NA,NA,1,NA,NA,NA,0,2,2,1,6,2,7,2,1,1,3,1,4,3,5,3,2,6,6,7,6,6,6,7,4,6,2,5,3,2,3,6,2,5,3,2,0,NA,0,NA,NA,NA,NA,NA,1,NA,3,4,0,5c355475c81ffd000120105f,Male promiscuity first,3,1.666666667,1.5,3.666666667,1.333333333,2.222222222,2,2,1,2,2,2,1,2.357142857,2,3,2,3,2.5,2.666666667
22,Male,NA,0,NA,1,1,NA,NA,NA,NA,NA,NA,0,1,1,1,8,6,3,8,3,6,2,2,3,2,3,2,3,6,5,5,6,6,5,3,1,7,2,6,1,2,1,7,2,6,1,2,0,NA,0,Slovak,NA,NA,NA,NA,1,NA,2,4,0,5ea94386ec2b53000a240fdb,Female promiscuity first,7,1,1,7,5.666666667,4.555555556,2,3,3,2,2,3,5,2.642857143,1,2,1,2,1.5,1.5
30,Female,NA,1,NA,NA,NA,NA,NA,NA,1,NA,NA,0,2,2,5,7,7,4,4,2,2,3,2,5,1,2,1,1,5,5,6,6,6,5,6,1,6,2,6,1,2,2,7,2,7,1,2,0,NA,0,NA,NA,NA,NA,NA,0,NA,1,6,0,5c932bbd29b394001b4e527e,Female promiscuity first,6,3,3.5,6.666666667,2.666666667,4.111111111,3,3,2,2,2,3,2,2.285714286,1,1,2,2,1.5,1.666666667
34,Female,NA,1,NA,NA,NA,NA,NA,NA,1,NA,NA,0,2,4,4,5,5,7,2,1,2,4,4,4,4,4,5,4,4,4,4,4,5,4,4,4,5,5,5,5,4,4,5,3,5,4,4,0,NA,0,NA,NA,NA,NA,NA,8,NA,1,3,0,5e0f8dae500f066a1d2f93ed,Female promiscuity first,3,3.333333333,4,4.333333333,1.666666667,3.111111111,4,4,4,4,3,4,4,4,3,3,3,3,3.5,4
21,Female,NA,1,NA,NA,NA,NA,NA,1,NA,NA,NA,0,2,2,4,2,2,2,5,2,2,2,2,2,2,2,2,4,4,4,5,7,7,7,7,1,7,1,7,1,1,1,7,1,7,1,1,0,NA,0,NA,NA,NA,NA,NA,1,NA,3,3,0,5f3c2b8810877fa56a972b96,Female promiscuity first,8,2.666666667,3,4,3,3.222222222,4,4,3,1,1,1,1,2.214285714,1,1,1,1,1,1
23,Female,NA,1,NA,NA,NA,NA,NA,1,NA,NA,NA,0,2,3,6,8,8,2,4,2,2,2,1,2,2,1,1,1,6,6,7,6,6,7,7,2,7,1,6,1,2,1,6,1,6,2,2,0,NA,0,Polish,NA,NA,NA,NA,0,NA,1,1,0,5e7a4f0bab558a02ff3eeb61,Male promiscuity first,8,3.666666667,4.5,8,2.666666667,4.777777778,2,2,1,2,2,1,1,1.5,2,2,1,2,1.666666667,1.5
31,Female,NA,1,NA,1,NA,NA,NA,NA,NA,NA,NA,0,1,2,2,8,3,6,6,2,1,2,1,1,2,1,1,1,6,7,7,7,7,7,7,2,7,1,5,1,1,2,7,1,6,1,1,0,NA,0,NA,NA,NA,NA,NA,0,NA,1,3,0,5716a297c5aca200128d2c52,Female promiscuity first,4,1.666666667,2,5,3,3.222222222,2,1,1,1,1,1,1,1.214285714,1,2,1,3,1.333333333,1.5
28,Female,NA,1,NA,NA,NA,NA,NA,1,NA,NA,NA,0,2,2,2,6,2,5,4,2,3,4,5,2,2,3,2,5,7,7,7,3,6,7,6,2,7,2,1,3,3,2,6,1,7,1,2,0,NA,2,NA,NA,NA,NA,NA,8,NA,2,3,0,5db0926a37b2ce0015a587cf,Female promiscuity first,5,2,2,4.333333333,3,3.111111111,1,1,1,5,2,1,2,2.571428571,2,1,1,7,1.5,3
20,Male,NA,0,NA,1,NA,NA,NA,NA,NA,NA,NA,0,1,1,1,5,4,5,6,3,1,1,5,1,5,2,3,3,6,6,6,6,6,7,7,1,7,1,7,1,1,1,7,1,7,1,1,0,NA,2,NA,NA,NA,NA,NA,5,NA,5,3,0,5b35bd1d532e3d00018e8b27,Male promiscuity first,5,1,1,4.666666667,3.333333333,3,2,2,2,2,2,1,1,2.285714286,1,1,1,1,1,1
19,Female,NA,1,NA,NA,1,NA,NA,NA,NA,NA,NA,0,3,2,1,7,5,5,2,1,1,4,4,3,3,2,2,3,NA,4,6,7,7,7,7,4,6,2,4,3,5,2,6,2,4,2,4,0,NA,3,NA,NA,NA,White/Black Caribbean,NA,1,NA,2,2,0,5e4d94e8ee0d4509aacdfbc8,Male promiscuity first,5,2,1.5,5.666666667,1.333333333,3,NA,4,2,1,1,1,1,2.384615385,2,4,2,4,2.666666667,3.333333333
33,Female,NA,1,NA,NA,NA,NA,NA,NA,1,NA,NA,0,4,3,3,7,9,2,7,5,5,2,1,7,1,1,1,1,7,7,7,6,6,7,7,3,7,2,3,3,1,3,7,1,2,2,1,0,NA,5,NA,NA,NA,NA,NA,0,NA,1,1,0,5ee20fa070aa642712c8a978,Male promiscuity first,8,3.333333333,3,8,5.666666667,5.666666667,1,1,1,2,2,1,1,1.642857143,1,6,1,5,2.333333333,2.5
19,Female,NA,1,NA,NA,NA,NA,NA,1,NA,NA,NA,0,2,2,2,8,7,5,1,2,1,6,6,5,6,3,4,4,4,7,7,4,4,5,5,3,6,2,4,2,3,3,6,3,5,2,3,0,NA,0,NA,NA,NA,NA,NA,1,NA,3,6,0,5f29233291416d2d69b881b3,Male promiscuity first,5,2,2,6.666666667,1.333333333,3.333333333,4,1,1,4,4,3,3,3.857142857,2,3,2,4,2.666666667,2.666666667
21,Female,NA,1,NA,NA,NA,NA,NA,1,NA,NA,NA,0,2,3,1,5,1,9,1,1,1,2,2,5,2,2,2,3,4,4,6,5,4,5,5,4,4,4,4,4,4,4,4,4,4,4,4,0,NA,0,NA,NA,NA,NA,NA,9,None,4,4,0,5ecec03ecb55fc2c16e1f277,Female promiscuity first,1,2,2,2.333333333,1,1.777777778,4,4,2,3,4,3,3,2.928571429,4,4,4,4,4,4
32,Female,NA,1,NA,NA,NA,NA,NA,NA,1,NA,NA,0,2,1,1,5,5,6,2,2,1,4,2,2,3,4,2,1,4,4,6,6,5,7,5,3,5,4,5,4,4,4,5,4,6,2,4,0,NA,0,NA,NA,NA,NA,NA,0,NA,1,4,0,59c6abf759b379000115102b,Female promiscuity first,4,1.333333333,1,4.666666667,1.666666667,2.555555556,4,4,2,2,3,1,3,2.642857143,3,2,3,3,3.166666667,3.5
18,Female,NA,1,NA,NA,NA,NA,NA,1,NA,NA,NA,0,2,1,1,5,3,7,2,2,2,3,2,2,2,3,2,3,6,6,6,5,6,6,6,4,6,2,4,2,4,4,6,2,4,2,3,0,NA,0,NA,NA,NA,NA,NA,0,NA,1,2,0,5dfe18e08d257bac5ac3593c,Male promiscuity first,3,1.333333333,1,3.666666667,2,2.333333333,2,2,2,3,2,2,2,2.285714286,2,4,2,4,2.833333333,3
23,Male,NA,0,NA,1,NA,NA,NA,NA,NA,NA,NA,0,1,1,1,1,1,9,2,2,1,1,1,1,1,1,1,1,7,7,7,7,7,7,7,6,2,6,3,3,5,3,3,5,3,3,6,0,NA,0,NA,NA,NA,NA,NA,1,NA,7,4,0,56ad2bf85ea7aa000cbdf563,Male promiscuity first,1,1,1,1,1.666666667,1.222222222,1,1,1,1,1,1,1,1,5,5,6,5,4.5,5.166666667
20,Male,NA,0,NA,NA,NA,NA,NA,1,NA,NA,NA,0,2,1,1,1,3,2,1,1,1,5,3,6,2,2,5,4,4,5,6,7,7,7,3,7,1,6,6,7,6,6,7,6,6,6,6,0,NA,0,NA,NA,NA,NA,NA,8,NA,1,5,0,5f106376d631e82fbaf61495,Male promiscuity first,8,1.333333333,1,4,1,2.111111111,4,3,2,1,1,1,5,3.142857143,1,2,7,2,4.5,5.833333333
28,Female,NA,1,NA,NA,NA,NA,NA,1,NA,NA,NA,0,2,2,6,9,7,1,4,3,3,1,1,1,1,1,1,2,7,7,7,7,7,7,7,1,7,1,7,1,1,1,7,1,7,1,1,0,NA,0,NA,NA,NA,NA,NA,0,NA,1,3,0,5e78b34fd701da4380dcc4c8,Female promiscuity first,9,3.333333333,4,8.333333333,3.333333333,5,1,1,1,1,1,1,1,1.071428571,1,1,1,1,1,1
21,Female,NA,1,NA,NA,NA,NA,NA,1,NA,NA,NA,0,1,1,1,5,1,9,1,1,1,4,4,4,5,5,5,2,4,4,4,6,3,4,4,4,2,3,6,4,5,4,5,5,6,6,5,0,NA,0,NA,NA,NA,NA,NA,0,NA,3,2,0,5f4521476eaa9508cc1a9b28,Male promiscuity first,1,1,1,2.333333333,1,1.444444444,4,4,4,2,5,4,4,4,3,2,6,2,4.166666667,4
19,Female,NA,1,NA,NA,NA,NA,NA,1,NA,NA,NA,0,2,1,1,9,5,6,4,2,4,1,1,1,1,1,1,1,6,7,7,7,6,7,6,1,7,1,7,1,1,1,7,1,7,1,1,0,NA,0,NA,NA,NA,NA,NA,0,NA,1,2,0,5ee3a3d3e1640f03812e4c26,Male promiscuity first,4,1.333333333,1,6,3.333333333,3.555555556,2,1,1,1,2,1,2,1.214285714,1,1,1,1,1,1
18,Female,NA,1,NA,NA,1,NA,NA,NA,NA,NA,NA,0,1,1,1,8,7,4,8,5,6,2,2,2,2,2,1,3,6,6,7,4,6,6,6,2,6,2,6,4,5,1,6,1,6,2,2,0,NA,2,NA,NA,NA,NA,NA,4,NA,2,3,0,5eb4612484a7aa2b41ddf792,Male promiscuity first,6,1,1,7,6.333333333,4.777777778,2,2,1,4,2,2,2,2.071428571,2,2,2,2,1.666666667,2.833333333
18,Male,NA,0,NA,1,1,NA,NA,NA,NA,NA,NA,0,3,2,2,7,7,2,9,8,8,1,1,1,5,2,1,5,5,5,5,7,7,7,7,2,6,2,6,3,2,2,6,2,6,2,2,0,NA,0,NA,NA,NA,NA,NA,8,NA,2,3,0,5ed6b2a782922d118b2b7cb8,Male promiscuity first,8,2.333333333,2,7.333333333,8.333333333,6,3,3,3,1,1,1,1,2.071428571,2,2,2,2,2,2.166666667
18,Male,NA,0,NA,1,NA,NA,NA,NA,NA,NA,NA,0,1,1,1,5,5,5,1,1,1,4,4,4,4,4,4,4,4,4,4,4,4,4,4,4,4,4,4,4,4,4,4,4,4,4,4,0,NA,0,NA,NA,NA,NA,NA,NA,NA,2,4,0,5e8f3baefb02cb20a5d6fce3,Male promiscuity first,5,1,1,5,1,2.333333333,4,4,4,4,4,4,4,4,4,4,4,4,4,4
20,Female,NA,1,NA,NA,NA,NA,NA,1,NA,NA,NA,0,2,1,1,8,3,5,2,1,1,4,2,1,1,2,1,5,6,6,6,7,7,7,7,1,7,1,7,1,1,2,7,1,7,1,1,0,NA,0,NA,NA,NA,NA,NA,8,NA,1,2,0,5f42a96a1582070bd5635541,Female promiscuity first,5,1.333333333,1,5.333333333,1.333333333,2.666666667,2,2,2,1,1,1,1,1.857142857,1,1,1,1,1.166666667,1
NA,Female,NA,1,NA,1,NA,NA,NA,NA,NA,NA,NA,0,1,1,1,5,1,9,1,1,1,1,1,1,1,1,1,1,5,5,7,5,6,7,7,4,7,1,4,4,2,4,7,2,4,2,1,0,NA,0,NA,NA,NA,NA,NA,8,NA,1,1,0,5dd5883a9c84d8544b020824,Male promiscuity first,1,1,1,2.333333333,1,1.444444444,3,3,1,3,2,1,1,1.5,1,4,1,4,2.333333333,2.666666667
28,Female,NA,1,NA,1,NA,NA,NA,NA,NA,NA,NA,0,1,1,1,7,1,9,2,2,2,1,1,1,1,1,1,1,7,7,7,7,7,7,7,4,6,2,3,5,3,4,6,2,3,2,2,0,NA,0,NA,NA,NA,NA,NA,1,NA,4,1,0,5f3c156a2ee10fa057e57d0e,Male promiscuity first,1,1,1,3,2,2,1,1,1,1,1,1,1,1,2,5,2,5,2.833333333,3.5
20,Male,NA,0,NA,NA,NA,NA,NA,1,NA,NA,NA,0,3,1,1,3,8,3,4,3,3,5,5,5,5,5,5,6,5,5,4,3,3,4,4,2,6,2,6,4,5,3,7,2,6,4,5,0,NA,0,NA,NA,NA,NA,NA,0,NA,3,5,0,5f05cde2f4abed083dff3c8f,Female promiscuity first,7,1.666666667,1,6,3.333333333,3.666666667,3,3,4,5,5,4,4,4.571428571,1,2,2,2,2.833333333,2.833333333
19,Female,NA,1,NA,1,NA,NA,NA,NA,NA,NA,NA,0,3,2,3,9,2,5,4,4,1,2,2,2,2,4,2,4,7,7,7,6,6,7,6,1,6,2,6,4,4,1,7,1,7,1,5,0,NA,0,NA,NA,NA,NA,NA,0,NA,2,5,0,5f4629bed8392902abd19a33,Female promiscuity first,5,2.666666667,2.5,5.333333333,3,3.666666667,1,1,1,2,2,1,2,2,1,1,2,2,1.666666667,2.5
30,Female,NA,1,NA,NA,1,NA,NA,NA,NA,NA,NA,0,2,1,1,1,1,5,2,2,2,1,1,1,1,1,1,1,7,7,7,7,7,7,7,7,5,4,1,7,7,6,6,4,2,6,6,0,NA,0,cypriot,NA,NA,NA,NA,1,NA,1,1,0,5df0c64767a23610ed01d9c7,Female promiscuity first,5,1.333333333,1,2.333333333,2,1.888888889,1,1,1,1,1,1,1,1,2,6,3,7,5,5.833333333
29,Female,NA,1,NA,NA,NA,NA,NA,1,NA,NA,NA,0,2,1,1,9,1,9,1,2,1,2,1,3,2,2,2,5,5,6,6,6,6,7,7,1,7,1,7,1,1,1,7,1,7,1,1,0,NA,0,NA,NA,NA,NA,NA,0,NA,1,4,0,5c9cc14b12b90c000125eea2,Male promiscuity first,1,1.333333333,1,3.666666667,1.333333333,2.111111111,3,2,2,2,2,1,1,2.142857143,1,1,1,1,1,1
21,Female,NA,1,NA,NA,NA,NA,NA,1,NA,NA,NA,0,2,2,1,9,3,2,2,2,1,1,1,1,1,1,1,3,6,7,7,7,7,7,7,2,7,1,6,1,1,1,7,1,7,1,1,0,NA,0,NA,NA,NA,NA,NA,8,NA,2,4,0,5c8c2f6c1a9e6500160eb458,Female promiscuity first,8,1.666666667,1.5,6.666666667,1.666666667,3.333333333,2,1,1,1,1,1,1,1.214285714,1,1,1,2,1,1.333333333
21,Male,NA,0,NA,1,NA,NA,NA,NA,NA,NA,NA,0,5,3,5,8,8,1,6,5,7,5,2,3,6,4,2,4,6,6,6,3,3,7,5,2,6,1,5,5,5,2,6,1,5,4,4,0,NA,0,NA,NA,NA,NA,NA,1,NA,1,4,0,5eac2b53f9860926271f3436,Female promiscuity first,9,4.333333333,4,8.333333333,6,6.222222222,2,2,2,5,5,1,3,3.285714286,2,3,2,3,2.666666667,3
27,Female,NA,1,NA,NA,NA,NA,NA,1,NA,NA,NA,0,2,2,5,9,8,2,1,1,1,1,1,1,1,1,1,1,7,7,7,7,7,7,7,1,7,1,7,1,1,1,7,1,7,1,1,0,NA,0,NA,NA,NA,NA,NA,NA,NA,1,2,0,5720004a4212270008a3933b,Female promiscuity first,8,3,3.5,8.333333333,1,4.111111111,1,1,1,1,1,1,1,1,1,1,1,1,1,1
20,Male,NA,0,NA,1,NA,NA,NA,NA,NA,NA,NA,0,2,1,1,8,3,7,5,4,4,4,3,2,4,5,5,2,4,6,6,2,7,6,4,1,7,1,7,3,2,1,7,1,7,5,4,0,NA,0,NA,NA,NA,NA,NA,0,NA,1,5,0,59652bff3d5051000114c19b,Male promiscuity first,3,1.333333333,1,4.666666667,4.333333333,3.444444444,4,2,2,6,1,2,4,3.285714286,1,1,1,1,2.166666667,1.5
25,Male,NA,0,NA,NA,1,NA,NA,NA,NA,NA,NA,0,1,1,1,9,7,2,9,8,7,7,6,4,4,7,7,7,5,4,4,4,3,6,5,1,7,1,7,2,5,1,7,1,7,1,1,0,NA,0,NA,NA,NA,NA,NA,8,NA,2,5,0,5b244233a7cee100011d6924,Female promiscuity first,8,1,1,8,8,5.666666667,3,4,4,4,5,2,3,4.785714286,1,1,1,1,1,1.833333333
22,Male,NA,0,NA,NA,1,NA,NA,NA,NA,NA,NA,0,2,2,2,8,6,3,6,2,2,1,1,1,4,1,1,1,7,7,7,7,7,7,7,2,7,2,6,4,2,2,6,2,6,4,2,0,NA,0,NA,NA,NA,NA,NA,1,NA,4,1,0,59f77c1705d1d60001f14563,Male promiscuity first,7,2,2,7,3.333333333,4.111111111,1,1,1,1,1,1,1,1.214285714,2,2,1,2,2.333333333,2.166666667
26,Female,NA,1,NA,NA,NA,NA,NA,1,NA,NA,NA,0,2,3,8,9,8,1,6,2,2,1,1,1,1,2,1,3,7,7,7,7,7,7,6,1,7,1,7,1,2,1,7,1,7,1,2,0,NA,0,NA,NA,NA,NA,NA,1,NA,1,4,0,5ec974cb62baa40c48576c3d,Male promiscuity first,9,4.333333333,5.5,8.666666667,3.333333333,5.444444444,1,1,1,1,1,1,2,1.285714286,1,1,1,1,1.166666667,1.166666667
23,Male,NA,0,NA,NA,NA,NA,NA,1,NA,NA,NA,0,2,8,8,9,9,1,2,1,2,1,3,3,6,2,1,1,7,7,7,7,7,7,7,1,7,1,7,1,1,1,7,1,7,1,1,0,NA,0,NA,NA,NA,NA,NA,0,NA,1,3,0,5ac13ee69534ba0001c71b5c,Female promiscuity first,9,6,8,9,1.666666667,5.555555556,1,1,1,1,1,1,1,1.714285714,1,1,1,1,1,1
23,Female,NA,1,NA,NA,NA,NA,NA,1,NA,NA,NA,0,2,1,1,8,5,4,2,1,2,2,2,1,3,2,1,1,7,7,7,6,6,5,5,2,7,2,6,2,2,2,7,1,6,1,2,0,NA,0,Estonian,NA,NA,NA,NA,8,NA,2,3,0,5e8aee23535b1300086f32b6,Male promiscuity first,6,1.333333333,1,6.333333333,1.666666667,3.111111111,1,1,1,2,2,3,3,1.785714286,1,2,1,2,1.5,1.833333333
31,Male,NA,0,NA,NA,NA,NA,NA,NA,1,NA,NA,0,2,1,1,2,1,6,1,1,1,5,5,3,5,6,6,6,2,3,3,3,2,4,4,7,5,3,5,4,5,7,4,5,4,5,6,0,NA,0,NA,NA,NA,NA,NA,1,NA,5,6,0,5cf28015fb05610001de261e,Male promiscuity first,4,1.333333333,1,2.333333333,1,1.555555556,6,5,5,5,6,4,4,5.071428571,4,4,3,3,5.166666667,4.166666667
22,Female,NA,1,NA,NA,NA,NA,NA,1,NA,NA,NA,0,2,4,6,9,7,2,2,1,1,1,1,2,1,1,1,2,6,7,7,6,7,6,6,1,7,1,7,1,1,1,7,1,7,1,1,0,NA,0,NA,NA,NA,NA,NA,0,NA,1,3,0,5e2e452b4b8a1a428d4ffbcc,Female promiscuity first,8,4,5,8,1.333333333,4.444444444,2,1,1,2,1,2,2,1.428571429,1,1,1,1,1,1
27,Female,NA,1,NA,NA,NA,NA,NA,1,NA,NA,NA,0,2,3,3,6,4,4,2,1,1,1,1,1,1,1,1,2,7,7,7,7,7,7,7,2,6,2,6,2,2,2,6,2,6,2,2,0,NA,0,NA,NA,NA,NA,NA,0,NA,2,2,0,5efc4a5bed804f20d1c1b0f4,Female promiscuity first,6,2.666666667,3,5.333333333,1.333333333,3.111111111,1,1,1,1,1,1,1,1.071428571,2,2,2,2,2,2
24,Male,NA,0,NA,NA,NA,NA,NA,1,NA,NA,NA,0,2,8,8,9,9,1,8,2,6,2,2,3,3,2,2,2,7,7,7,5,4,6,6,1,7,2,5,3,2,1,7,2,6,2,2,0,NA,0,NA,NA,NA,NA,NA,8,NA,2,3,0,5d5d1066ed7be80017dce4fb,Male promiscuity first,9,6,8,9,5.333333333,6.777777778,1,1,1,3,4,2,2,2.142857143,1,2,1,3,1.666666667,2
26,Female,NA,1,NA,NA,NA,NA,NA,NA,1,NA,NA,0,1,1,NA,7,7,5,4,1,2,2,1,1,1,3,2,3,6,7,7,6,7,6,6,3,6,2,4,1,2,1,6,1,4,2,1,0,NA,0,Lithuanian,NA,NA,NA,NA,1,NA,1,5,0,5cad944b7094cf00018d47f3,Female promiscuity first,5,1,1,6.333333333,2.333333333,3.222222222,2,1,1,2,1,2,2,1.714285714,2,4,2,4,1.833333333,2.333333333
28,Male,NA,0,NA,1,NA,NA,NA,NA,NA,NA,NA,0,3,6,3,9,9,4,9,6,5,1,1,3,1,1,1,7,5,5,5,7,7,6,6,1,6,1,6,2,2,6,6,5,4,6,6,0,NA,0,NA,NA,NA,NA,NA,2,NA,4,4,0,5f44f160dbc7ce03812e9364,Male promiscuity first,6,4,4.5,8,6.666666667,6.222222222,3,3,3,1,1,2,2,2.142857143,2,4,2,2,4.833333333,1.666666667
22,Female,NA,1,NA,NA,1,NA,NA,NA,NA,NA,NA,0,2,2,2,7,6,6,7,7,7,1,1,1,1,1,1,1,1,7,7,7,7,7,7,1,7,1,7,1,1,1,7,1,7,1,1,0,NA,0,NA,NA,NA,NA,NA,1,NA,1,3,0,5c2543871a456b000108eff5,Female promiscuity first,4,2,2,5.666666667,7,4.888888889,7,1,1,1,1,1,1,1.428571429,1,1,1,1,1,1
36,Female,NA,1,NA,NA,NA,NA,NA,NA,1,NA,NA,0,2,8,8,9,4,4,2,3,2,3,2,3,2,2,1,2,6,6,7,6,4,5,4,2,7,1,6,2,2,2,7,1,6,1,1,0,NA,0,NA,NA,NA,NA,NA,9,Spiritual but not linked to religion,2,3,0,5d540607f700e700159c4f3b,Female promiscuity first,6,6,8,6.333333333,2.333333333,4.888888889,2,2,1,2,4,3,4,2.357142857,1,2,1,2,1.333333333,1.666666667
28,Female,NA,1,NA,NA,NA,NA,1,NA,NA,NA,NA,0,6,1,3,9,7,2,6,4,3,1,5,1,2,1,1,1,6,6,7,6,6,6,6,1,7,1,7,1,1,1,7,1,7,1,1,0,NA,0,NA,NA,NA,NA,NA,0,NA,1,1,0,5f47d8f1e974b12169221876,Female promiscuity first,8,3.333333333,2,8,4.333333333,5.222222222,2,2,1,2,2,2,2,1.785714286,1,1,1,1,1,1
22,Female,NA,1,NA,NA,NA,NA,NA,1,NA,NA,NA,0,2,1,1,6,3,6,1,1,2,2,2,1,2,2,2,3,6,7,6,7,7,6,6,1,7,1,7,1,1,1,7,1,1,1,1,0,NA,0,NA,NA,NA,NA,NA,0,NA,1,4,0,5d40959e4db54a0016fecb7b,Female promiscuity first,4,1.333333333,1,4.333333333,1.333333333,2.333333333,2,1,2,1,1,2,2,1.785714286,1,7,1,1,2,1
31,Female,NA,1,NA,NA,NA,NA,NA,1,NA,NA,NA,0,2,4,3,9,5,3,1,1,1,1,1,2,2,1,1,1,7,7,7,5,7,7,7,1,7,1,7,1,1,4,7,1,7,1,1,0,NA,0,lithuanian,NA,NA,NA,NA,1,NA,1,4,0,5ef1a3d6db73ad576f708acd,Female promiscuity first,7,3,3.5,7,1,3.666666667,1,1,1,3,1,1,1,1.285714286,1,1,1,1,1.5,1
28,Male,NA,0,NA,NA,NA,NA,NA,1,NA,NA,NA,0,2,3,1,6,3,3,3,2,2,3,2,3,3,1,1,1,7,7,7,6,7,6,6,4,6,1,6,3,3,3,6,1,6,3,3,0,NA,0,NA,NA,NA,NA,NA,0,NA,1,3,0,5e7a7a011306d502f4b0978d,Female promiscuity first,7,2,2,5.333333333,2.333333333,3.222222222,1,1,1,2,1,2,2,1.714285714,2,2,2,2,2.333333333,2.5
23,Female,NA,1,NA,NA,NA,NA,NA,1,NA,NA,NA,0,2,2,1,1,1,9,1,1,1,4,5,4,5,3,4,4,6,6,7,6,6,7,7,4,3,4,5,5,3,2,6,4,4,5,4,0,NA,0,NA,NA,NA,NA,NA,1,NA,4,4,0,5979ebe999bd880001771a18,Female promiscuity first,1,1.666666667,1.5,1,1,1.222222222,2,2,1,2,2,1,1,2.857142857,2,4,5,3,3.5,4
20,Female,NA,1,NA,NA,NA,NA,NA,1,NA,NA,NA,0,2,1,1,6,1,8,2,2,2,1,1,1,1,1,1,1,7,7,7,7,5,7,7,2,1,2,3,3,3,1,7,1,3,1,1,0,NA,0,NA,NA,NA,NA,NA,1,NA,2,4,0,5ef1316b783eb311cd8cd57a,Male promiscuity first,2,1.333333333,1,3,2,2.111111111,1,1,1,1,3,1,1,1.142857143,1,5,7,5,1.666666667,3.666666667
18,Female,NA,1,NA,1,NA,NA,NA,NA,NA,NA,NA,0,1,1,1,2,2,9,8,7,7,3,2,1,1,1,1,2,7,7,7,6,7,7,7,6,6,2,6,5,5,2,6,4,6,3,1,0,NA,2,NA,NA,NA,NA,NA,5,NA,6,6,0,5ef3c556093412150c54b62a,Female promiscuity first,1,1,1,1.666666667,7.333333333,3.333333333,1,1,1,2,1,1,1,1.357142857,2,2,2,2,2.333333333,3.666666667
38,Female,NA,1,NA,1,NA,NA,NA,NA,NA,NA,NA,0,1,2,2,6,1,5,4,2,2,1,1,1,1,1,1,1,4,4,7,7,7,7,7,4,6,2,4,4,2,4,6,2,6,2,2,0,NA,0,NA,NA,NA,NA,NA,1,NA,2,3,0,5efe4a942544c433d6436a15,Male promiscuity first,5,1.666666667,2,4,2.666666667,2.777777778,4,4,1,1,1,1,1,1.428571429,2,2,2,4,2.333333333,3
29,Female,NA,1,NA,NA,NA,NA,NA,NA,1,NA,NA,0,2,2,1,8,2,5,2,2,2,4,4,2,4,2,2,3,5,6,7,6,5,6,5,2,6,2,6,2,2,1,7,2,6,1,1,0,NA,0,NA,NA,NA,NA,NA,1,NA,5,3,0,5d161aea19d2ed0015e211e7,Male promiscuity first,5,1.666666667,1.5,5,2,2.888888889,3,2,1,2,3,2,3,2.642857143,1,2,2,2,1.333333333,2
21,Female,NA,1,NA,NA,NA,NA,NA,1,NA,NA,NA,0,2,1,1,9,9,1,3,1,1,4,4,2,2,1,1,3,6,6,5,6,6,5,6,1,7,1,7,1,1,1,7,1,7,1,1,0,NA,0,NA,NA,NA,NA,NA,1,NA,4,4,0,596bcd9393b82d000124b36b,Male promiscuity first,9,1.333333333,1,9,1.666666667,4,2,2,3,2,2,3,2,2.357142857,1,1,1,1,1,1
28,Female,NA,1,NA,NA,1,NA,NA,NA,NA,NA,NA,0,8,7,7,9,9,2,7,6,2,2,2,4,2,3,2,3,4,5,6,5,3,5,5,2,7,1,6,2,2,1,7,1,7,1,1,0,NA,0,NA,NA,NA,NA,NA,8,NA,1,3,0,5ea9eec77baf81152dd042bd,Male promiscuity first,8,7.333333333,7,8.666666667,5,7,4,3,2,3,5,3,3,2.928571429,1,1,1,2,1,1.666666667
21,Male,NA,0,NA,1,NA,NA,NA,NA,NA,NA,NA,0,1,1,2,9,4,3,7,6,6,6,5,5,5,5,5,5,3,3,3,5,6,3,2,2,6,2,6,2,5,2,6,2,6,2,5,0,NA,0,NA,NA,NA,NA,NA,0,NA,1,5,0,5f2de4218462fd12f8aee07e,Female promiscuity first,7,1.333333333,1.5,6.666666667,6.333333333,4.777777778,5,5,5,3,2,5,6,4.785714286,2,2,2,2,2.5,2.5
26,Female,NA,1,NA,NA,NA,NA,NA,1,NA,NA,NA,0,2,2,3,6,6,2,3,3,2,1,1,1,1,1,1,1,7,7,7,7,7,7,7,1,7,1,7,1,1,1,7,1,7,1,1,0,NA,0,Romanian,NA,NA,NA,NA,1,NA,2,2,0,5d4b334b1813250017d3c6cc,Female promiscuity first,8,2.333333333,2.5,6.666666667,2.666666667,3.888888889,1,1,1,1,1,1,1,1,1,1,1,1,1,1
22,Male,NA,0,NA,NA,NA,NA,NA,1,NA,NA,NA,0,2,1,1,7,6,4,6,6,6,1,2,1,1,1,1,5,6,7,7,5,5,7,7,1,7,1,1,1,1,1,7,1,1,1,1,0,NA,0,NA,NA,NA,NA,NA,0,NA,1,3,0,5dcbd8542bdeaa8740d52630,Female promiscuity first,6,1.333333333,1,6.333333333,6,4.555555556,2,1,1,3,3,1,1,1.714285714,1,7,1,7,2,2
40,Male,NA,0,NA,NA,NA,NA,1,NA,NA,NA,NA,0,5,3,2,5,7,2,4,6,2,3,2,1,1,2,2,3,6,7,7,6,7,6,7,4,6,5,4,4,4,4,6,5,4,4,4,0,NA,0,NA,NA,NA,NA,NA,1,NA,5,5,0,5e4424749319f82bb3c5118f,Male promiscuity first,8,3.333333333,2.5,6.666666667,4,4.666666667,2,1,1,2,1,2,1,1.714285714,2,4,2,4,3.833333333,3.833333333
23,Male,NA,0,NA,NA,NA,NA,NA,1,NA,NA,NA,0,2,6,7,9,9,1,2,2,8,3,5,5,5,3,3,5,5,7,7,5,4,5,1,1,7,1,7,1,2,1,7,1,7,1,2,0,NA,0,NA,NA,NA,NA,NA,0,NA,1,3,0,5ec581efbc729158aa405d96,Male promiscuity first,9,5,6.5,9,4,6,3,1,1,3,4,3,7,3.642857143,1,1,1,1,1.166666667,1.166666667
21,Female,NA,1,NA,NA,NA,NA,NA,1,NA,NA,NA,0,2,1,1,7,1,9,1,1,1,1,1,1,1,1,2,1,7,7,7,7,7,7,7,1,7,1,7,1,1,1,7,1,7,1,1,0,NA,0,NA,NA,NA,NA,NA,9,None,2,4,0,5a539d0b76d1c60001aabd7a,Female promiscuity first,1,1.333333333,1,3,1,1.777777778,1,1,1,1,1,1,1,1.071428571,1,1,1,1,1,1
33,Female,NA,1,NA,NA,NA,NA,NA,NA,NA,1,Engaged to partner,0,2,6,7,9,3,3,3,2,2,1,1,1,1,1,1,1,7,7,7,7,7,7,7,1,7,1,7,1,1,1,7,1,7,1,1,0,NA,0,NA,NA,NA,NA,NA,1,NA,2,3,0,5a9da2ee35237b000112b00a,Female promiscuity first,7,5,6.5,6.333333333,2.333333333,4.555555556,1,1,1,1,1,1,1,1,1,1,1,1,1,1
30,Male,NA,0,NA,NA,NA,NA,NA,1,NA,NA,NA,0,2,2,1,5,4,8,4,4,3,7,6,3,5,5,5,6,6,7,7,7,6,6,7,6,7,4,4,5,5,5,7,5,5,5,5,0,NA,1,NA,NA,NA,NA,NA,1,NA,4,4,0,5f46e8d384ba270c8019a681,Male promiscuity first,2,1.666666667,1.5,3.666666667,3.666666667,3,2,1,1,1,2,2,1,3.357142857,1,3,1,4,4,4.166666667
28,Female,NA,1,NA,1,NA,NA,NA,NA,NA,NA,NA,0,1,2,2,1,1,9,4,3,4,5,4,3,6,6,5,5,4,4,6,5,4,5,5,5,6,3,2,5,4,5,6,2,3,5,4,0,NA,0,NA,NA,NA,NA,NA,1,NA,4,3,0,5ccf3006f131fb001706edbb,Male promiscuity first,1,1.666666667,2,1,3.666666667,2.111111111,4,4,2,3,4,3,3,4.071428571,2,5,2,6,3.833333333,4.166666667
40,Female,NA,1,NA,NA,NA,NA,NA,NA,1,NA,NA,0,2,1,1,2,2,5,4,1,4,3,3,4,3,6,4,5,4,4,4,4,6,3,5,4,6,2,4,4,4,4,6,2,4,4,4,0,NA,0,Slavic,NA,NA,NA,NA,1,NA,5,3,0,5e6bdb0ab3ea9e19465ab62f,Male promiscuity first,5,1.333333333,1,3,3,2.444444444,4,4,4,4,2,5,3,3.857142857,2,4,2,4,3.333333333,3.333333333
27,Male,NA,0,NA,1,NA,NA,NA,NA,NA,NA,NA,0,1,7,3,8,8,2,7,6,7,3,3,3,3,4,3,4,6,6,6,6,6,6,6,3,6,2,4,3,3,2,6,2,4,3,3,0,NA,0,NA,NA,NA,NA,NA,8,NA,2,2,0,5bc07b29a9e4a10001cac181,Female promiscuity first,8,3.666666667,5,8,6.666666667,6.111111111,2,2,2,2,2,2,2,2.642857143,2,4,2,4,2.666666667,2.833333333
29,Female,NA,1,NA,NA,NA,NA,NA,1,NA,NA,NA,0,2,1,3,9,1,4,2,2,1,5,2,5,3,2,1,3,6,6,7,5,6,7,7,1,7,1,7,1,1,1,7,2,7,1,1,0,NA,0,NA,NA,NA,NA,NA,1,NA,4,4,0,5c2d58fc0eed420001fa4fd0,Female promiscuity first,6,2,2,5.333333333,1.666666667,3,2,2,1,3,2,1,1,2.357142857,1,1,1,1,1.166666667,1
26,Female,NA,1,NA,NA,NA,NA,NA,1,NA,NA,NA,0,1,1,1,4,2,9,3,2,2,1,1,1,3,1,1,1,7,7,7,5,7,7,7,5,7,2,3,2,5,5,7,2,3,5,3,0,NA,0,slavic,NA,NA,NA,NA,1,NA,6,4,0,5f27f132abac120008f5fdc5,Male promiscuity first,1,1,1,2.333333333,2.333333333,1.888888889,1,1,1,3,1,1,1,1.285714286,1,5,1,5,3.5,3.333333333
29,Female,NA,1,NA,NA,NA,NA,NA,1,NA,NA,NA,0,2,7,5,9,1,1,4,1,1,4,2,1,1,1,1,1,4,7,6,6,7,7,7,1,7,1,7,1,1,1,7,1,7,1,1,0,NA,0,NA,NA,NA,NA,NA,8,NA,1,4,0,5ae647c17edeb000014a8f48,Female promiscuity first,9,4.666666667,6,6.333333333,2,4.333333333,4,1,2,2,1,1,1,1.642857143,1,1,1,1,1,1
19,Male,NA,0,NA,1,NA,NA,NA,NA,NA,NA,NA,0,1,1,1,7,6,8,7,1,5,1,6,1,1,1,1,2,7,7,7,7,7,7,7,2,6,2,6,2,1,2,6,6,6,2,2,0,NA,0,NA,NA,NA,NA,NA,NA,NA,1,2,0,5e6ac50d59a3bd081e213ed1,Male promiscuity first,2,1,1,5,4.333333333,3.444444444,1,1,1,1,1,1,1,1.428571429,2,2,2,2,2.666666667,1.833333333
18,Female,NA,1,NA,1,NA,NA,NA,NA,NA,NA,NA,0,1,1,1,7,3,9,1,2,2,2,1,1,1,1,1,3,6,6,7,6,6,7,7,2,7,2,5,2,1,1,7,1,6,1,1,0,NA,0,NA,NA,NA,NA,NA,NA,NA,2,4,0,5eee89a6c00bfb337a3c54a8,Male promiscuity first,1,1,1,3.666666667,1.666666667,2.111111111,2,2,1,2,2,1,1,1.5,1,2,1,3,1.166666667,1.833333333
28,Female,NA,1,NA,NA,NA,NA,NA,1,NA,NA,NA,0,3,6,5,8,8,3,2,2,2,2,2,2,2,2,1,2,7,7,7,7,7,7,7,1,7,1,7,1,1,1,7,1,7,1,1,0,NA,2,NA,NA,Japanese,NA,NA,8,NA,1,2,0,5ef23327e54f7c105dc9f686,Female promiscuity first,7,4.666666667,5.5,7.666666667,2,4.777777778,1,1,1,1,1,1,1,1.428571429,1,1,1,1,1,1
34,Male,NA,0,NA,1,NA,NA,NA,NA,NA,NA,NA,0,1,2,6,6,4,6,5,5,4,6,2,6,3,5,2,5,3,1,1,1,1,1,1,5,3,1,3,4,4,6,3,2,2,5,6,0,NA,0,NA,NA,NA,NA,NA,1,NA,4,6,0,5f4804a57bb92a27534dd7d7,Male promiscuity first,4,3,4,4.666666667,4.666666667,4.111111111,5,7,7,7,7,7,7,5.428571429,5,6,5,5,5,4
29,Female,NA,1,NA,NA,NA,NA,NA,1,NA,NA,NA,0,2,4,6,8,7,2,2,2,2,1,4,3,5,3,2,2,5,5,6,6,6,6,6,2,6,1,7,1,3,1,7,1,7,1,3,0,NA,0,NA,NA,NA,NA,NA,1,NA,2,4,0,5e52d86504c4292fe70abef6,Male promiscuity first,8,4,5,7.666666667,2,4.555555556,3,3,2,2,2,2,2,2.571428571,1,1,2,1,1.333333333,1.666666667
27,Female,NA,1,NA,NA,NA,NA,NA,1,NA,NA,NA,0,2,9,9,9,9,1,2,2,2,4,4,2,3,2,2,4,6,6,7,5,6,6,6,1,7,1,7,2,2,1,7,1,7,1,1,0,NA,0,NA,NA,NA,NA,NA,1,NA,2,2,0,NA,Male promiscuity first,9,6.666666667,9,9,2,5.888888889,2,2,1,3,2,2,2,2.5,1,1,1,1,1,1.333333333
21,Female,NA,1,NA,1,NA,NA,NA,NA,NA,NA,NA,0,2,1,1,5,4,5,1,1,1,4,3,2,2,2,3,3,4,4,6,4,4,4,4,4,4,4,6,5,4,4,4,4,4,4,4,0,NA,2,NA,NA,NA,NA,NA,5,NA,3,3,0,5f1e33e58d05fc3a189c6ab4,Male promiscuity first,5,1.333333333,1,4.666666667,1,2.333333333,4,4,2,4,4,4,4,3.214285714,4,4,4,2,4,3.833333333
25,Male,NA,0,NA,NA,1,NA,NA,NA,NA,NA,NA,0,1,1,1,5,6,4,6,2,3,2,4,3,3,1,1,4,5,5,4,5,4,5,4,1,7,2,6,2,1,1,7,2,6,2,1,0,NA,0,NA,NA,NA,NA,NA,0,NA,1,3,0,5dd97aeb3269928fa80edc52,Female promiscuity first,6,1,1,5.666666667,3.666666667,3.444444444,3,3,4,3,4,3,4,3,1,2,1,2,1.5,1.5
21,Female,NA,1,NA,NA,1,NA,NA,NA,NA,NA,NA,0,2,1,1,7,6,6,5,4,3,4,3,2,2,2,2,2,6,6,6,6,6,6,6,4,6,2,5,2,2,2,6,2,6,2,2,0,NA,0,NA,NA,NA,NA,NA,1,NA,3,4,0,5c8ee319a50921000171df06,Male promiscuity first,4,1.333333333,1,5.666666667,4,3.666666667,2,2,2,2,2,2,2,2.214285714,2,2,2,3,2,2.5
18,Female,NA,1,NA,1,NA,NA,NA,NA,NA,NA,NA,0,1,1,1,9,4,2,5,4,1,1,1,1,2,1,1,1,6,7,6,7,7,5,6,1,6,1,7,1,1,1,6,1,7,1,1,0,NA,0,NA,NA,NA,NA,NA,0,NA,2,2,0,5f22f75af0bfe903aba5e378,Female promiscuity first,8,1,1,7,3.333333333,3.777777778,2,1,2,1,1,3,2,1.428571429,2,1,2,1,1.166666667,1.166666667
26,Male,NA,0,NA,NA,1,NA,NA,NA,NA,NA,NA,0,1,1,1,3,2,8,4,3,2,1,1,1,5,7,1,1,7,7,7,7,7,7,7,5,5,5,5,3,3,5,5,5,5,3,3,0,NA,2,NA,NA,NA,NA,NA,0,NA,1,4,0,5f1cbc000b408b58e8d2799d,Female promiscuity first,2,1,1,2.333333333,3,2.111111111,1,1,1,1,1,1,1,1.714285714,3,3,3,3,3.666666667,3.666666667
38,Male,NA,0,NA,NA,NA,NA,NA,NA,1,NA,NA,0,2,2,2,8,5,2,5,2,5,2,2,1,2,2,2,1,6,6,7,7,7,7,6,2,6,4,5,3,4,2,6,3,6,3,2,0,NA,0,NA,NA,NA,NA,NA,8,NA,1,4,0,5bf003ccaf38d100016bb945,Male promiscuity first,8,2,2,7,4,4.333333333,2,2,1,1,1,1,2,1.571428571,2,2,2,3,2.333333333,3
24,Male,NA,0,NA,NA,NA,NA,NA,NA,1,NA,NA,0,1,1,1,8,3,8,2,1,2,1,1,1,1,1,1,1,7,7,7,7,7,7,7,1,7,1,7,4,1,1,7,1,7,2,1,0,NA,0,NA,NA,NA,NA,NA,9,Irreligious,1,1,0,5f31454776609f5f32bb6004,Male promiscuity first,2,1,1,4.333333333,1.666666667,2.333333333,1,1,1,1,1,1,1,1,1,1,1,1,1.166666667,1.5
30,Male,NA,0,NA,NA,NA,NA,1,NA,NA,NA,NA,0,2,5,5,6,4,5,3,2,2,1,1,1,1,2,1,1,7,7,7,7,7,7,7,4,6,2,4,4,4,2,6,3,3,1,1,0,NA,0,NA,NA,NA,NA,NA,0,NA,1,4,0,5c6c2dd852688b0001d20458,Male promiscuity first,5,4,5,5,2.333333333,3.777777778,1,1,1,1,1,1,1,1.071428571,2,5,2,4,2.333333333,3.333333333
26,Female,NA,1,NA,NA,NA,NA,NA,1,NA,NA,NA,0,2,2,1,7,2,6,2,6,6,1,1,2,2,5,3,5,5,6,7,4,6,6,7,1,7,1,7,2,1,1,7,1,6,2,1,0,NA,0,NA,NA,NA,NA,NA,0,NA,1,4,0,5cacf324ea201200013d7807,Female promiscuity first,4,1.666666667,1.5,4.333333333,4.666666667,3.555555556,3,2,1,4,2,2,1,2.428571429,1,2,1,1,1.333333333,1.166666667
27,Male,NA,0,NA,NA,NA,NA,NA,1,NA,NA,NA,0,1,1,1,9,3,6,2,1,1,1,1,1,1,1,1,1,7,7,7,7,7,7,7,2,6,2,6,2,2,2,6,2,6,2,2,0,NA,0,NA,NA,NA,NA,NA,1,NA,1,2,0,5e5441dd8388f807991fb4a7,Male promiscuity first,4,1,1,5.333333333,1.333333333,2.555555556,1,1,1,1,1,1,1,1,2,2,2,2,2,2
21,Male,NA,0,NA,1,NA,NA,NA,NA,NA,NA,NA,0,1,2,2,3,3,6,7,7,5,4,4,3,3,1,1,1,6,7,7,7,7,7,7,5,6,3,3,3,3,6,6,3,5,2,3,0,NA,1,NA,NA,NA,NA,NA,1,NA,4,3,0,5ea4397b9b06662614d6e4f6,Female promiscuity first,4,1.666666667,2,3.333333333,6.333333333,3.777777778,2,1,1,1,1,1,1,1.785714286,2,3,2,5,3.166666667,3.5
22,Male,NA,0,NA,NA,1,NA,NA,NA,NA,NA,NA,0,1,1,1,9,4,6,6,4,4,1,1,1,2,2,1,2,6,6,7,6,6,7,6,1,7,1,7,1,1,1,7,1,7,1,1,0,NA,0,NA,NA,NA,NA,NA,0,NA,1,3,0,5d3c7ed96a5b1e0001a917bd,Female promiscuity first,4,1,1,5.666666667,4.666666667,3.777777778,2,2,1,2,2,1,2,1.571428571,1,1,1,1,1,1
19,Female,NA,1,NA,1,NA,NA,NA,NA,NA,NA,NA,0,1,1,1,6,1,6,3,2,3,1,1,1,1,1,1,1,7,7,7,7,7,7,7,3,7,5,5,1,2,3,7,5,5,1,1,0,NA,0,NA,NA,NA,NA,NA,0,NA,1,1,0,5f09985dc2d6fd016ec82037,Male promiscuity first,4,1,1,3.666666667,2.666666667,2.444444444,1,1,1,1,1,1,1,1,1,3,1,3,2.333333333,2.5
32,Female,NA,1,NA,NA,NA,NA,NA,1,NA,NA,NA,0,2,2,2,7,6,6,5,3,3,5,2,5,3,3,2,3,5,5,6,5,5,6,6,2,6,2,6,2,2,2,6,2,6,2,2,0,NA,0,NA,NA,NA,NA,NA,1,NA,4,5,0,5dfa014318e86975c1f0f769,Female promiscuity first,4,2,2,5.666666667,3.666666667,3.777777778,3,3,2,3,3,2,2,2.928571429,2,2,2,2,2,2
38,Female,NA,1,NA,1,NA,NA,NA,NA,NA,NA,NA,0,2,1,2,8,6,2,5,3,2,2,2,2,3,1,2,1,6,6,7,6,6,7,6,3,6,1,3,4,3,3,6,1,5,3,3,0,NA,0,Polish,NA,NA,NA,NA,0,NA,1,3,0,5c83b0408c0d0100175902f7,Female promiscuity first,8,1.666666667,1.5,7.333333333,3.333333333,4.111111111,2,2,1,2,2,1,2,1.785714286,2,3,2,5,2.5,3
26,Female,NA,1,NA,NA,NA,NA,NA,1,NA,NA,NA,0,2,1,1,5,1,4,1,1,1,1,1,1,1,1,1,1,7,7,7,7,7,7,7,3,7,4,4,4,5,2,7,2,7,1,1,0,NA,0,NA,NA,NA,NA,NA,8,NA,2,2,0,5ecd5e714689f30af5b28354,Male promiscuity first,6,1.333333333,1,4,1,2.111111111,1,1,1,1,1,1,1,1,1,1,1,4,1.333333333,3.5
28,Female,NA,1,NA,NA,NA,NA,NA,1,NA,NA,NA,0,2,1,1,9,2,8,4,2,1,2,2,1,3,1,1,1,7,7,7,7,6,7,6,2,7,2,6,1,1,1,7,2,7,1,1,0,NA,0,NA,NA,NA,NA,NA,9,No religion,1,2,0,5efb98c3d5919f121a986486,Male promiscuity first,2,1.333333333,1,4.333333333,2.333333333,2.666666667,1,1,1,1,2,1,2,1.428571429,1,1,1,2,1.166666667,1.5
27,Male,NA,0,NA,NA,1,NA,NA,NA,NA,NA,NA,0,4,2,7,8,8,3,8,7,7,4,3,4,3,4,4,4,2,2,2,4,2,2,2,2,6,2,6,2,2,4,6,2,5,4,4,0,NA,0,NA,NA,NA,NA,NA,8,NA,1,5,0,5a15c2c638ed430001be885b,Female promiscuity first,7,4.333333333,4.5,7.666666667,7.333333333,6.444444444,6,6,6,4,6,6,6,4.714285714,2,3,2,2,3.166666667,2
35,Female,NA,1,NA,NA,NA,NA,NA,1,NA,NA,NA,0,2,1,3,6,2,6,2,2,1,2,2,5,2,5,2,1,5,5,5,5,3,5,3,5,6,2,5,3,5,5,5,3,5,3,5,0,NA,0,NA,NA,NA,NA,NA,0,NA,1,3,0,5ef8474981a512590224b533,Male promiscuity first,4,2,2,4,1.666666667,2.555555556,3,3,3,3,5,3,5,3.142857143,3,3,2,3,3.666666667,3.333333333
22,Female,NA,1,NA,1,NA,NA,NA,NA,NA,NA,NA,0,2,1,1,9,9,4,3,3,1,7,7,5,6,7,6,5,6,6,7,7,5,6,6,1,7,1,7,2,3,1,7,3,7,1,1,0,NA,0,NA,NA,NA,NA,NA,0,NA,1,1,0,59f8a0bbf4217300016cc405,Male promiscuity first,6,1.333333333,1,8,2.333333333,3.888888889,2,2,1,1,3,2,2,4,1,1,1,1,1.333333333,1.5
23,Male,NA,0,NA,NA,1,NA,NA,NA,NA,NA,NA,0,1,2,2,4,4,1,9,2,3,1,3,1,3,2,1,3,7,7,7,7,5,7,7,1,7,1,7,1,1,1,7,7,7,1,1,0,NA,2,NA,NA,Sri Lankan,NA,NA,4,NA,2,3,0,5f0e3082f86a0b152cf06c80,Male promiscuity first,9,1.666666667,2,5.666666667,4.666666667,4,1,1,1,1,3,1,1,1.642857143,1,1,1,1,2,1
31,Female,NA,1,NA,NA,NA,NA,NA,NA,1,NA,NA,0,2,1,3,7,3,4,5,1,1,1,1,1,1,1,1,1,6,6,7,6,6,7,7,1,6,2,6,2,2,1,7,2,6,1,1,0,NA,0,NA,NA,NA,NA,NA,9,none,1,3,0,5eda779c9944ee0c4197e633,Female promiscuity first,6,2,2,5.333333333,2.333333333,3.222222222,2,2,1,2,2,1,1,1.285714286,1,2,2,2,1.333333333,1.833333333
32,Female,NA,1,NA,NA,NA,NA,NA,1,NA,NA,NA,0,1,1,1,9,3,6,2,3,3,1,1,1,1,1,1,1,6,6,7,7,7,7,7,1,7,1,7,1,1,1,7,1,7,1,1,0,NA,0,NA,NA,NA,NA,NA,8,NA,2,2,0,5e60ae51364ee43edae0fcc1,Female promiscuity first,4,1,1,5.333333333,2.666666667,3,2,2,1,1,1,1,1,1.142857143,1,1,1,1,1,1
22,Male,NA,0,NA,NA,NA,NA,NA,1,NA,NA,NA,0,2,1,1,9,7,2,4,3,5,3,5,4,3,1,5,2,4,4,6,6,5,4,5,2,6,2,6,2,1,2,6,6,3,1,1,0,NA,0,NA,NA,NA,NA,NA,1,NA,4,5,0,5cf9c2d6dfcf0a0015e8e213,Female promiscuity first,8,1.333333333,1,8,4,4.444444444,4,4,2,2,3,4,3,3.214285714,2,5,2,2,2.833333333,1.833333333
20,Female,NA,1,NA,NA,NA,NA,1,NA,NA,NA,NA,0,1,1,1,8,3,2,6,6,5,2,1,1,3,2,1,1,7,7,7,7,6,7,7,2,6,2,6,2,3,2,6,2,6,2,3,0,NA,0,NA,NA,NA,NA,NA,1,NA,3,4,0,5e329c36d94ac42699bfbee9,Male promiscuity first,8,1,1,6.333333333,5.666666667,4.333333333,1,1,1,1,2,1,1,1.357142857,2,2,2,2,2.166666667,2.166666667
20,Male,NA,0,NA,1,NA,NA,NA,NA,NA,NA,NA,0,3,1,2,8,7,9,6,1,2,1,2,2,2,2,2,3,6,6,5,5,5,6,6,2,6,2,6,2,2,2,6,2,6,2,2,0,NA,0,NA,NA,NA,NA,NA,8,NA,2,2,0,5ee7e29f165e050c9c0e46d8,Female promiscuity first,1,2,1.5,5.333333333,3,3.444444444,2,2,3,3,3,2,2,2.214285714,2,2,2,2,2,2
22,Female,NA,1,NA,NA,NA,NA,1,NA,NA,NA,NA,0,2,1,1,8,2,3,4,2,2,4,3,3,3,3,3,4,7,7,7,6,4,5,5,3,6,1,5,5,5,2,6,1,6,1,4,0,NA,2,NA,NA,NA,NA,NA,0,NA,1,3,0,5ea03f468b35e20642b22a6d,Male promiscuity first,7,1.333333333,1,5.666666667,2.666666667,3.222222222,1,1,1,2,4,3,3,2.714285714,2,2,2,3,2,3.166666667
40,Female,NA,1,NA,1,NA,NA,NA,NA,NA,NA,NA,0,1,5,3,7,5,5,4,4,5,2,2,3,2,3,1,3,6,6,7,6,6,7,6,3,4,3,4,4,5,3,5,2,3,2,3,0,NA,0,NA,NA,NA,NA,NA,8,NA,2,6,0,5d853d4eecc7dc001850467f,Female promiscuity first,5,3,4,5.666666667,4.333333333,4.333333333,2,2,1,2,2,1,2,2,3,5,4,4,3,3.833333333
19,Female,NA,1,NA,1,NA,NA,NA,NA,NA,NA,NA,0,4,1,2,9,9,1,6,6,2,1,1,1,4,1,1,3,6,7,7,5,4,7,6,1,7,1,7,1,1,1,7,1,7,1,1,0,NA,0,NA,NA,NA,NA,NA,0,NA,1,2,0,5f4bc0f37c7b4479078f5ba9,Female promiscuity first,9,2.333333333,1.5,9,4.666666667,5.333333333,2,1,1,3,4,1,2,1.857142857,1,1,1,1,1,1
22,Male,NA,0,NA,NA,1,NA,NA,NA,NA,NA,NA,0,3,3,3,3,2,3,3,3,5,5,4,4,3,5,4,2,5,4,5,4,4,3,5,3,6,2,4,4,3,2,6,2,2,4,3,0,NA,0,NA,NA,NA,NA,NA,0,NA,1,3,0,5f4a88def5a7bf0a365f142b,Male promiscuity first,7,3,3,4,3.666666667,3.555555556,3,4,3,4,4,5,3,3.785714286,2,6,2,4,3.166666667,3
27,Male,NA,0,NA,NA,NA,NA,NA,1,NA,NA,NA,0,2,5,7,6,4,2,8,2,2,1,1,2,2,2,1,2,6,6,6,5,6,6,6,4,7,1,5,6,2,4,6,1,6,6,1,0,NA,6,NA,NA,NA,NA,European White/ South American Latino,8,NA,3,2,0,5ee9f13dcb715101da88c1b1,Female promiscuity first,8,4.666666667,6,6,4,4.888888889,2,2,2,3,2,2,2,1.857142857,2,2,1,3,2.666666667,2.833333333
31,Male,NA,0,NA,NA,NA,NA,NA,1,NA,NA,NA,0,2,1,1,5,1,7,2,3,2,1,2,4,3,2,1,2,7,6,7,6,6,7,6,2,6,2,6,2,2,2,6,2,6,2,2,0,NA,0,NA,NA,NA,NA,NA,0,NA,1,4,0,5f48fea0397472084aaadb70,Female promiscuity first,3,1.333333333,1,3,2.333333333,2.222222222,1,2,1,2,2,1,2,1.857142857,2,2,2,2,2,2
31,Female,NA,1,NA,1,NA,NA,NA,NA,NA,NA,NA,0,1,2,2,6,2,4,4,3,2,3,3,3,1,1,1,1,5,5,5,5,4,5,4,2,7,2,5,4,2,2,7,2,5,2,2,0,NA,5,NA,NA,NA,NA,NA,1,NA,2,3,0,5f4633b8a6e20126eb4cdcc2,Male promiscuity first,6,1.666666667,2,4.666666667,3,3.111111111,3,3,3,3,4,3,4,2.571428571,1,3,1,3,2,2.333333333
32,Female,NA,1,NA,NA,NA,NA,NA,1,NA,NA,NA,0,5,6,6,7,7,3,5,6,3,4,4,4,4,4,4,4,4,4,4,4,4,4,4,4,6,2,4,4,4,4,6,3,4,4,4,0,NA,0,NA,NA,NA,NA,NA,9,none,1,4,0,5996f68a9039240001432124,Male promiscuity first,7,5.666666667,6,7,4.666666667,5.777777778,4,4,4,4,4,4,4,4,2,4,2,4,3.5,3.333333333
32,Male,NA,0,NA,NA,NA,NA,NA,NA,1,NA,NA,0,8,1,1,2,2,5,2,2,1,2,2,2,3,2,2,1,6,7,4,4,5,7,5,4,4,4,4,2,3,4,4,4,4,2,2,0,NA,2,NA,NA,NA,NA,NA,1,NA,4,4,0,5d893d535fd8a00001f7bd03,Female promiscuity first,5,3.333333333,1,3,1.666666667,2.666666667,2,1,4,4,3,1,3,2.285714286,4,4,4,4,3.333333333,3.5
21,Male,NA,0,NA,NA,NA,NA,NA,1,NA,NA,NA,0,2,1,1,8,7,4,8,5,6,3,3,2,5,4,3,4,4,6,6,6,7,7,6,1,7,1,7,1,2,1,7,1,7,1,2,0,NA,0,NA,NA,NA,NA,NA,0,NA,1,3,0,5f091bb928d2f41aa5ed3137,Female promiscuity first,6,1.333333333,1,7,6.333333333,4.888888889,4,2,2,2,1,1,2,2.714285714,1,1,1,1,1.166666667,1.166666667
21,Female,NA,1,NA,NA,NA,NA,NA,1,NA,NA,NA,0,6,5,4,7,3,5,1,1,1,4,1,2,3,4,4,4,4,7,7,4,4,4,4,2,6,2,4,1,2,2,6,2,6,2,2,0,NA,0,NA,NA,NA,NA,NA,0,NA,1,4,0,5f21770c41dab708da08ca58,Male promiscuity first,5,5,4.5,5,1,3.666666667,4,1,1,4,4,4,4,3.142857143,2,2,2,4,2,2.166666667
29,Male,NA,0,NA,1,NA,NA,NA,NA,NA,NA,NA,0,5,2,5,9,9,1,8,7,7,1,1,1,1,1,1,2,7,7,7,7,7,7,7,1,1,1,1,1,1,1,1,1,1,1,1,0,NA,0,NA,NA,NA,NA,NA,0,NA,1,1,0,5c98f6e73cb4af0015ce2879,Male promiscuity first,9,4,3.5,9,7.333333333,6.777777778,1,1,1,1,1,1,1,1.071428571,7,7,7,7,3,3
20,Female,NA,1,NA,NA,NA,NA,NA,1,NA,NA,NA,0,2,1,1,8,4,4,2,3,2,1,1,2,1,1,1,2,7,7,7,6,6,6,6,1,6,2,6,2,2,1,6,2,7,2,2,0,NA,0,NA,NA,NA,NA,NA,0,NA,1,2,0,5ca4996bc2c096001413f07e,Male promiscuity first,6,1.333333333,1,6,2.333333333,3.222222222,1,1,1,2,2,2,2,1.428571429,2,1,2,2,1.666666667,1.833333333
29,Female,NA,1,NA,NA,1,NA,NA,NA,NA,NA,NA,0,2,5,2,6,5,6,4,4,2,2,1,1,2,3,1,4,7,7,7,7,6,6,6,2,7,1,6,4,2,2,NA,1,6,2,2,0,NA,1,NA,NA,NA,NA,NA,1,NA,3,4,0,5c740758901b2900013ae2c7,Male promiscuity first,4,3,3.5,5,3.333333333,3.777777778,1,1,1,1,2,2,2,1.714285714,NA,2,1,2,1.8,2
19,Female,NA,1,NA,NA,1,NA,NA,NA,NA,NA,NA,0,2,1,1,8,1,9,2,2,1,1,1,1,1,1,1,3,7,7,7,7,7,7,7,1,6,1,6,1,1,1,6,1,6,1,1,0,NA,0,NA,NA,NA,NA,NA,1,NA,3,4,0,5eda87495833de699dd92655,Male promiscuity first,1,1.333333333,1,3.333333333,1.666666667,2.111111111,1,1,1,1,1,1,1,1.142857143,2,2,2,2,1.333333333,1.333333333
33,Female,NA,1,NA,NA,1,NA,NA,NA,NA,NA,NA,0,1,2,1,8,2,6,6,4,2,1,1,1,1,2,1,1,7,7,7,7,7,7,7,2,7,2,7,1,1,1,7,2,7,1,1,0,NA,0,NA,NA,NA,NA,NA,6,NA,1,2,0,58ee927dedbd82000169ad2d,Female promiscuity first,4,1.333333333,1.5,4.666666667,4,3.333333333,1,1,1,1,1,1,1,1.071428571,1,1,1,1,1.166666667,1.333333333
32,Male,NA,0,NA,NA,NA,NA,1,NA,NA,NA,NA,0,1,5,4,9,4,3,4,7,2,1,1,3,1,3,1,1,7,7,7,7,7,7,7,1,7,1,7,1,7,1,7,1,7,1,1,0,NA,0,NA,NA,NA,NA,NA,0,NA,1,2,0,5855a17d733c730001a5d2d5,Female promiscuity first,7,3.333333333,4.5,6.666666667,4.333333333,4.777777778,1,1,1,1,1,1,1,1.285714286,1,1,1,1,1,2
19,Female,NA,1,NA,1,NA,NA,NA,NA,NA,NA,NA,0,2,1,1,8,8,2,9,7,9,2,1,1,3,2,1,3,6,6,7,7,7,7,7,1,7,2,6,2,2,1,7,1,7,1,1,0,NA,0,NA,NA,NA,NA,NA,8,NA,2,4,0,5efb789be4c8450e986ce093,Male promiscuity first,8,1.333333333,1,8,8.333333333,5.888888889,2,2,1,1,1,1,1,1.571428571,1,1,1,2,1,1.666666667
36,Female,NA,1,NA,NA,NA,NA,NA,1,NA,NA,NA,0,2,2,2,9,2,5,1,1,1,2,2,2,4,3,2,2,5,6,7,7,5,6,6,3,6,1,5,4,4,2,6,1,4,3,4,0,NA,0,NA,NA,NA,NA,NA,0,NA,1,3,0,56afc8219bf45c000d00d499,Male promiscuity first,5,2,2,5.333333333,1,2.777777778,3,2,1,1,3,2,2,2.214285714,2,4,2,3,2.666666667,2.833333333
30,Male,NA,0,NA,NA,NA,NA,NA,1,NA,NA,NA,0,2,9,9,8,9,3,8,4,7,2,2,3,2,2,3,3,6,6,7,5,4,6,5,2,6,1,6,2,2,2,6,2,6,2,2,0,NA,0,NA,NA,NA,NA,NA,9,None.,4,5,0,5ea04fac8675f4000ba7651c,Male promiscuity first,7,6.666666667,9,8,6.333333333,7,2,2,1,3,4,2,3,2.428571429,2,2,2,2,2,1.833333333
19,Male,NA,0,NA,NA,1,NA,NA,NA,NA,NA,NA,0,4,3,3,9,9,1,8,7,7,7,1,4,4,3,1,1,5,6,7,5,5,5,5,4,7,1,4,4,5,4,7,1,4,4,5,0,NA,0,NA,NA,NA,NA,NA,0,NA,1,3,0,5ee7a70c55e80504fa3bc6ab,Male promiscuity first,9,3.333333333,3,9,7.333333333,6.555555556,3,2,1,3,3,3,3,2.785714286,1,4,1,4,3.166666667,3.166666667
35,Female,NA,1,NA,1,NA,NA,NA,NA,NA,NA,NA,0,1,3,3,6,1,9,2,2,2,2,2,1,2,2,1,1,7,7,7,6,7,7,7,5,4,4,3,4,5,5,5,3,4,3,5,0,NA,0,NA,NA,NA,NA,NA,1,NA,4,2,0,56cb72f1edf8da000b6df137,Male promiscuity first,1,2.333333333,3,2.666666667,2,2.333333333,1,1,1,2,1,1,1,1.357142857,3,4,4,5,3.833333333,4.5
22,Male,NA,0,NA,NA,1,NA,NA,NA,NA,NA,NA,0,1,1,1,5,1,9,4,9,2,7,1,4,5,5,1,1,7,5,4,4,2,7,7,7,1,7,1,7,7,7,1,7,1,5,7,0,NA,2,NA,NA,NA,NA,NA,5,NA,5,2,0,5f49c98fc6a7d052d3935266,Female promiscuity first,1,1,1,2.333333333,5,2.777777778,1,3,4,4,6,1,1,3.142857143,7,7,7,7,6.666666667,7
29,Male,NA,0,NA,NA,NA,NA,1,NA,NA,NA,NA,0,2,4,7,9,9,2,8,7,8,4,5,5,4,1,1,6,4,5,5,3,6,5,5,1,7,2,7,4,5,5,6,1,5,6,5,0,NA,0,NA,NA,NA,NA,NA,0,NA,1,5,0,5ecabef03e44f0247ee6147b,Female promiscuity first,8,4.333333333,5.5,8.666666667,7.666666667,6.888888889,4,3,3,5,2,3,3,3.5,2,3,1,1,3.666666667,2.333333333
25,Male,NA,0,NA,NA,1,NA,NA,NA,NA,NA,NA,0,2,6,5,4,5,3,7,8,5,5,4,3,5,5,6,6,5,6,5,5,5,6,5,4,6,3,5,3,2,2,6,3,5,3,2,0,NA,0,NA,NA,NA,NA,NA,6,NA,2,5,0,5ee7b0a316b7d10662171450,Male promiscuity first,7,4.333333333,5.5,5.333333333,6.666666667,5.444444444,3,2,3,3,3,2,3,3.785714286,2,3,2,3,2.5,2.833333333
30,Female,NA,1,NA,NA,NA,NA,NA,1,NA,NA,NA,0,2,2,1,6,3,6,2,1,1,2,2,1,2,1,1,2,6,6,6,6,6,7,5,2,6,2,6,1,2,2,6,2,5,1,1,0,NA,0,NA,NA,NA,NA,NA,6,NA,2,4,0,5eb6cc071cabb15cbd2dd894,Female promiscuity first,4,1.666666667,1.5,4.333333333,1.333333333,2.444444444,2,2,2,2,2,1,3,1.785714286,2,3,2,2,1.833333333,1.833333333
27,Female,NA,1,NA,NA,NA,NA,NA,NA,1,NA,NA,0,2,1,8,3,5,7,2,2,2,5,5,7,5,5,5,4,5,4,4,3,4,3,3,7,2,4,1,6,7,7,2,4,1,5,7,0,NA,0,european,NA,NA,NA,NA,1,NA,4,5,0,5f01c985f119a1317aa68d30,Female promiscuity first,3,3.666666667,4.5,3.666666667,2,3.111111111,3,4,4,5,4,5,5,4.714285714,6,7,6,7,6,6.166666667
18,Female,NA,1,NA,NA,NA,NA,NA,1,NA,NA,NA,0,3,3,3,9,2,4,1,1,1,2,2,2,1,2,1,2,7,7,6,7,7,7,7,1,7,1,7,1,1,1,7,1,7,1,1,0,NA,0,NA,NA,NA,NA,NA,9,no religion,1,3,0,5b6224c65256470001bd0641@email.prolific.co,Female promiscuity first,6,3,3,5.666666667,1,3.222222222,1,1,2,1,1,1,1,1.428571429,1,1,1,1,1,1
19,Male,NA,0,NA,NA,1,NA,NA,NA,NA,NA,NA,0,2,4,2,3,2,7,3,2,2,1,1,1,1,1,1,2,4,4,4,5,5,6,5,6,2,6,2,5,5,6,2,6,2,3,6,0,NA,2,NA,NA,NA,NA,NA,5,NA,4,2,0,5efbc3a84e1b6416ad27a3ec,Female promiscuity first,3,2.666666667,3,2.666666667,2.333333333,2.555555556,4,4,4,3,3,2,3,2.214285714,6,6,6,6,5.5,5.666666667
23,Female,NA,1,NA,NA,NA,NA,NA,1,NA,NA,NA,0,2,6,6,9,9,1,7,3,3,1,1,1,1,1,1,1,7,7,7,7,7,7,7,1,7,1,7,1,1,1,7,1,7,1,1,0,NA,0,NA,NA,NA,NA,NA,8,NA,1,2,0,5ec7c214ac7e0423adb51bc4,Male promiscuity first,9,4.666666667,6,9,4.333333333,6,1,1,1,1,1,1,1,1,1,1,1,1,1,1
22,Female,NA,1,NA,1,NA,NA,NA,NA,NA,NA,NA,0,2,6,7,8,7,2,7,4,2,2,1,2,3,1,1,1,6,7,7,6,7,7,6,2,6,2,4,2,3,2,6,2,6,2,2,0,NA,0,NA,NA,NA,NA,NA,8,NA,3,4,0,5e2c9c419247f42c1c14c549,Female promiscuity first,8,5,6.5,7.666666667,4.333333333,5.666666667,2,1,1,2,1,1,2,1.5,2,2,2,4,2,2.5
18,Female,NA,1,NA,NA,NA,NA,NA,1,NA,NA,NA,0,2,2,2,9,4,3,2,3,1,2,1,1,2,2,1,3,7,7,7,7,5,7,5,1,7,1,6,2,2,1,7,1,6,1,2,0,NA,0,NA,NA,NA,NA,NA,8,NA,2,3,0,5e8e3b906f414f0c392eb5b7,Male promiscuity first,7,2,2,6.666666667,2,3.555555556,1,1,1,1,3,1,3,1.642857143,1,2,1,2,1.333333333,1.5
26,Female,NA,1,NA,NA,NA,NA,NA,1,NA,NA,NA,0,2,2,1,8,7,4,3,1,2,5,3,3,3,2,2,5,3,5,7,7,7,7,6,2,7,2,7,2,2,1,7,2,7,1,1,0,NA,0,NA,NA,NA,NA,NA,0,NA,1,2,0,5f32c3e05ea32f045de06491,Female promiscuity first,6,1.666666667,1.5,7,2,3.555555556,5,3,1,1,1,1,2,2.642857143,1,1,1,1,1.166666667,1.666666667
22,Male,NA,0,NA,1,NA,NA,NA,NA,NA,NA,NA,0,1,1,1,1,1,9,2,2,2,5,5,5,5,3,3,5,3,3,4,3,3,5,3,7,1,6,2,1,2,6,2,5,1,1,2,0,NA,0,NA,NA,NA,NA,NA,1,NA,6,5,0,5ca1f3847a29720017ba6e03,Female promiscuity first,1,1,1,1,2,1.333333333,5,5,4,5,5,3,5,4.5,6,7,7,6,4.5,4.833333333
22,Female,NA,1,NA,1,NA,NA,NA,NA,NA,NA,NA,0,2,1,1,7,6,3,6,5,6,5,5,3,3,2,2,3,5,6,7,5,5,5,5,2,7,1,5,3,3,3,7,1,6,2,2,0,NA,0,NA,NA,NA,NA,NA,0,NA,1,2,0,5eee7e5812de8e32ecde556c,Male promiscuity first,7,1.333333333,1,6.666666667,5.666666667,4.555555556,3,2,1,3,3,3,3,2.928571429,1,2,1,3,1.833333333,2.166666667
21,Female,NA,1,NA,1,NA,NA,NA,NA,NA,NA,NA,0,2,4,8,9,8,3,5,4,3,5,4,7,NA,2,2,2,1,1,7,7,6,7,7,1,7,1,6,1,1,1,7,1,1,1,1,0,NA,0,NA,NA,NA,NA,NA,8,NA,1,2,0,5d721f78ed8e57001905dae2,Male promiscuity first,7,4.666666667,6,8,4,5.555555556,7,7,1,1,2,1,1,3.230769231,1,7,1,2,2,1.166666667
25,Male,NA,0,NA,1,NA,NA,NA,NA,NA,NA,NA,0,1,1,1,1,1,9,4,3,2,1,1,1,1,1,1,1,7,7,7,7,7,7,7,7,1,7,1,4,6,7,1,7,1,4,3,0,NA,2,NA,NA,NA,NA,NA,5,NA,6,4,0,593c0c6f1b3dce0001e1ceaa,Female promiscuity first,1,1,1,1,3,1.666666667,1,1,1,1,1,1,1,1,7,7,7,7,5.833333333,6.333333333
29,Male,NA,0,NA,NA,NA,NA,NA,NA,NA,1,Partner,0,2,2,1,3,2,4,6,5,5,3,5,2,1,1,6,3,7,7,7,7,7,7,7,3,4,2,5,3,2,3,4,2,5,3,2,0,NA,0,Nordic,NA,NA,NA,NA,8,NA,1,4,0,5f2ddf38e9d14712d169817c,Female promiscuity first,6,1.666666667,1.5,3.666666667,5.333333333,3.555555556,1,1,1,1,1,1,1,2,4,3,4,3,2.833333333,2.833333333
31,Male,NA,0,NA,NA,NA,NA,NA,1,NA,NA,NA,0,2,5,5,7,7,3,8,5,6,3,3,3,3,2,3,2,4,4,7,6,7,6,7,2,6,2,6,3,4,3,6,2,6,3,5,0,NA,0,NA,NA,NA,NA,NA,0,NA,1,2,0,5c1035693ee1040001e4187d,Male promiscuity first,7,4,5,7,6.333333333,5.777777778,4,4,1,2,1,2,1,2.428571429,2,2,2,2,2.833333333,2.5
21,Male,NA,0,NA,NA,NA,NA,NA,1,NA,NA,NA,0,2,1,1,7,7,3,4,4,2,4,4,4,4,4,4,4,4,4,4,4,4,4,4,6,6,2,6,2,2,2,6,2,6,2,2,0,NA,0,NA,NA,NA,NA,NA,8,NA,1,4,0,5c2d172ce26399000179a138,Male promiscuity first,7,1.333333333,1,7,3.333333333,3.888888889,4,4,4,4,4,4,4,4,2,2,2,2,2,2.666666667
27,Female,NA,1,NA,NA,NA,NA,NA,1,NA,NA,NA,0,2,1,1,9,4,1,5,2,1,4,1,7,1,4,1,2,7,7,7,7,7,7,7,1,7,1,7,1,3,1,7,1,7,1,3,0,NA,0,South African,NA,NA,NA,NA,1,NA,4,4,0,5dbf5e7c22ea183fae8ba4c4,Female promiscuity first,9,1.333333333,1,7.333333333,2.666666667,3.777777778,1,1,1,1,1,1,1,1.928571429,1,1,1,1,1.333333333,1.333333333
29,Female,NA,1,NA,NA,NA,NA,NA,NA,1,NA,NA,0,2,2,3,7,1,5,1,1,1,6,5,7,5,5,5,6,3,2,4,2,4,5,4,5,5,3,5,6,6,5,6,2,5,6,7,0,NA,0,NA,NA,NA,NA,NA,1,NA,5,6,0,5cef11e2b04fdd0016b177ce,Male promiscuity first,5,2.333333333,2.5,4.333333333,1,2.555555556,5,6,4,6,4,3,4,5.071428571,2,3,3,3,4.166666667,4.333333333
NA,Female,NA,1,NA,NA,NA,NA,NA,1,NA,NA,NA,0,2,2,1,5,2,3,2,5,4,3,3,5,3,5,2,4,4,3,4,3,3,2,2,2,3,4,3,5,6,2,2,4,5,2,5,0,NA,0,NA,NA,NA,NA,NA,1,NA,1,5,0,5f47daaeeb2e88225c60d919,Female promiscuity first,7,1.666666667,1.5,4.666666667,3.666666667,3.333333333,4,5,4,5,5,6,6,4.285714286,6,3,5,5,3.666666667,4.5
20,Male,NA,0,NA,1,NA,NA,NA,NA,NA,NA,NA,0,1,1,1,5,6,9,2,4,1,1,2,1,3,3,1,1,6,6,6,5,7,6,6,4,6,4,4,2,2,4,6,4,4,2,2,0,NA,2,NA,NA,NA,NA,NA,5,NA,5,3,0,5f1534f66bc35e12cc08ea02,Male promiscuity first,1,1,1,4,2.333333333,2.444444444,2,2,2,3,1,2,2,1.857142857,2,4,2,4,3,3
32,Female,NA,1,NA,NA,1,NA,NA,NA,NA,NA,NA,0,1,3,3,6,2,4,7,2,6,2,1,1,1,1,1,1,7,7,7,3,7,7,7,1,7,1,7,1,1,1,7,1,7,1,1,0,NA,0,NA,NA,NA,NA,NA,0,NA,1,3,0,5e3e2927ddbf6c09f46347d2,Female promiscuity first,6,2.333333333,3,4.666666667,5,4,1,1,1,5,1,1,1,1.357142857,1,1,1,1,1,1
36,Female,NA,1,NA,NA,NA,NA,NA,1,NA,NA,NA,0,2,3,3,5,3,4,4,2,2,1,2,1,2,2,1,1,6,7,7,6,4,6,4,4,6,4,4,4,4,4,7,4,4,4,3,0,NA,0,European,NA,NA,NA,NA,1,NA,4,3,0,5f020cf8869ce2087ed09a96,Male promiscuity first,6,2.666666667,3,4.666666667,2.666666667,3.333333333,2,1,1,2,4,2,4,1.857142857,1,4,2,4,3.333333333,3.666666667
21,Male,NA,0,NA,NA,NA,NA,NA,1,NA,NA,NA,0,2,8,3,8,6,2,7,4,4,6,7,7,7,6,6,5,7,3,6,6,6,5,3,1,7,1,7,1,1,1,7,1,7,1,1,0,NA,0,NA,NA,NA,NA,NA,0,NA,1,3,0,NA,Female promiscuity first,8,4.333333333,5.5,7.333333333,5,5.555555556,1,5,2,2,2,3,5,4.571428571,1,1,1,1,1,1
26,Female,NA,1,NA,NA,NA,NA,NA,1,NA,NA,NA,0,2,4,4,7,3,7,2,2,2,5,1,3,5,3,6,1,4,4,4,3,6,4,4,4,6,2,4,4,4,4,6,NA,4,4,2,0,NA,2,NA,NA,NA,NA,NA,0,NA,1,4,0,57bf54d5a170cc000103ea70,Female promiscuity first,3,3.333333333,4,4.333333333,2,3.222222222,4,4,4,5,2,4,4,3.642857143,2,4,2,4,3.2,3.333333333
38,Female,NA,1,NA,NA,NA,NA,1,NA,NA,NA,NA,0,3,3,3,9,7,2,4,2,2,4,2,2,2,2,2,4,6,6,6,4,7,5,5,1,6,1,6,1,1,1,6,1,6,1,1,0,NA,0,NA,NA,NA,NA,NA,0,NA,1,4,0,5c0430c71a20110001e9b05a,Male promiscuity first,8,3,3,8,2.666666667,4.555555556,2,2,2,4,1,3,3,2.5,2,2,2,2,1.333333333,1.333333333
31,Female,NA,1,NA,1,NA,NA,1,NA,NA,NA,NA,0,3,4,7,9,8,2,8,7,3,4,1,2,1,2,1,2,6,6,7,4,6,7,6,1,7,1,7,1,1,1,7,1,7,1,1,0,NA,0,Austrian,NA,NA,NA,NA,8,NA,1,3,0,5f00aa2b61fa111c62aecebb,Female promiscuity first,8,4.666666667,5.5,8.333333333,6,6.333333333,2,2,1,4,2,1,2,1.928571429,1,1,1,1,1,1
23,Female,NA,1,NA,NA,NA,NA,NA,1,NA,NA,NA,0,2,3,5,9,6,1,2,2,2,3,1,1,2,2,1,2,7,7,7,6,6,6,6,1,7,1,7,1,1,1,7,1,7,1,1,0,NA,0,NA,NA,NA,NA,NA,0,NA,3,1,0,5f390fcfb9eddd021c327c85,Male promiscuity first,9,3.333333333,4,8,2,4.444444444,1,1,1,2,2,2,2,1.642857143,1,1,1,1,1,1
20,Male,NA,0,NA,1,NA,NA,NA,NA,NA,NA,NA,0,1,2,1,9,9,1,6,4,5,1,1,1,1,1,1,1,6,7,7,7,7,7,7,1,6,1,7,2,2,1,6,1,6,1,2,0,NA,0,NA,NA,NA,NA,NA,1,NA,4,3,0,5f0c8f112192c247e2a48e26,Male promiscuity first,9,1.333333333,1.5,9,5,5.111111111,2,1,1,1,1,1,1,1.071428571,2,2,2,1,1.5,1.5
23,Female,NA,1,NA,NA,NA,NA,NA,1,NA,NA,NA,0,2,1,1,8,1,6,1,1,1,3,3,2,5,3,3,3,3,5,7,6,6,7,7,2,7,1,7,2,3,2,7,1,6,1,2,0,NA,0,NA,NA,NA,NA,NA,9,Not Religious,1,3,0,5f0df64e055def075a7a67e2,Female promiscuity first,4,1.333333333,1,4.333333333,1,2.222222222,5,3,1,2,2,1,1,2.642857143,1,2,1,1,1.5,1.666666667
26,Male,NA,0,NA,NA,NA,NA,1,NA,NA,NA,NA,0,4,7,7,9,9,1,6,6,2,7,7,7,1,6,7,3,2,4,4,1,7,5,4,3,7,4,3,5,3,3,7,2,1,6,5,0,NA,0,NA,NA,NA,NA,NA,1,NA,1,5,0,5f325b69b3c9e5067a6fadd3,Male promiscuity first,9,6,7,9,4.666666667,6.555555556,6,4,4,7,1,3,4,4.785714286,1,7,1,5,4,3.5
26,Male,NA,0,NA,NA,NA,NA,NA,1,NA,NA,NA,0,2,5,7,9,7,2,5,3,2,2,3,1,5,2,1,1,7,7,7,7,7,6,7,1,7,1,7,1,1,1,7,1,7,1,1,0,NA,0,NA,NA,NA,NA,NA,8,NA,3,3,0,5e3f1b09d859ae188f435677,Female promiscuity first,8,4.666666667,6,8,3.333333333,5.333333333,1,1,1,1,1,2,1,1.642857143,1,1,1,1,1,1
32,Male,NA,0,NA,1,NA,NA,NA,NA,NA,NA,NA,0,2,9,9,7,9,2,9,9,9,7,7,7,7,7,7,4,2,2,2,2,1,2,1,2,7,2,6,2,2,2,7,2,5,3,3,0,NA,0,NA,NA,NA,NA,NA,0,NA,2,4,0,5e8b6ce7cdbb5803f430f43c,Female promiscuity first,8,6.666666667,9,8,9,7.888888889,6,6,6,6,7,6,7,6.428571429,1,3,1,2,2.333333333,1.833333333
26,Male,NA,0,NA,NA,NA,NA,NA,1,NA,NA,NA,0,1,1,1,9,8,1,7,6,7,7,5,7,4,6,5,5,6,6,6,5,5,6,4,2,6,2,6,4,4,2,6,1,5,3,3,0,NA,0,NA,NA,NA,NA,NA,0,NA,1,4,0,5b258c9ba7cee100011d8aad,Female promiscuity first,9,1,1,8.666666667,6.666666667,5.444444444,2,2,2,3,3,2,4,4.071428571,2,3,2,2,2.333333333,2.666666667
21,Male,NA,0,NA,NA,1,NA,NA,NA,NA,NA,NA,0,4,4,4,9,1,1,7,7,6,4,4,4,4,2,4,3,3,5,5,6,7,5,5,2,6,2,6,2,2,2,6,2,6,2,2,0,NA,0,NA,NA,NA,NA,NA,8,NA,4,4,0,5ece61f1361b30064e120397,Female promiscuity first,9,4,4,6.333333333,6.666666667,5.666666667,5,3,3,2,1,3,3,3.214285714,2,2,2,2,2,2
19,Male,NA,0,NA,1,NA,NA,NA,NA,NA,NA,NA,0,3,2,2,8,7,1,7,4,4,2,3,2,4,2,2,3,6,6,6,6,6,6,6,2,6,2,6,2,2,2,6,2,6,2,3,0,NA,0,Portuguese,NA,NA,NA,NA,8,NA,2,4,0,5c770e63a2b09c0001a821cc,Female promiscuity first,9,2.333333333,2,8,5,5.111111111,2,2,2,2,2,2,2,2.285714286,2,2,2,2,2.166666667,2
22,Male,NA,0,NA,NA,1,NA,NA,NA,NA,NA,NA,0,2,3,4,1,1,9,2,3,3,4,5,1,NA,6,NA,5,5,7,7,5,NA,5,5,7,1,7,1,5,5,7,2,7,3,4,5,0,NA,0,NA,NA,NA,NA,NA,1,NA,4,3,0,5c82b8160562690001186ec7,Female promiscuity first,1,3,3.5,1,2.666666667,2.222222222,3,1,1,3,NA,3,3,3.181818182,6,5,7,7,5.666666667,6.333333333
20,Male,NA,0,NA,1,NA,NA,NA,NA,NA,NA,NA,0,3,5,5,9,9,1,9,8,7,2,6,3,6,6,2,7,1,6,5,5,6,5,7,2,7,1,3,3,6,3,7,2,2,5,5,0,NA,1,NA,NA,NA,NA,NA,1,NA,5,5,0,5eb02e12e48e000902d8651b,Male promiscuity first,9,4.333333333,5,9,8,7.111111111,7,2,3,3,2,3,1,3.785714286,1,6,1,5,3.666666667,3
31,Female,NA,1,NA,NA,NA,NA,NA,NA,1,NA,NA,0,2,2,3,8,8,3,2,3,2,2,2,2,2,2,2,2,7,7,7,7,7,7,7,2,6,2,5,2,3,1,7,1,7,1,1,0,NA,5,NA,NA,NA,NA,NA,8,NA,1,1,0,5d723cdec521c0000164e768,Female promiscuity first,7,2.333333333,2.5,7.666666667,2.333333333,4.111111111,1,1,1,1,1,1,1,1.5,1,1,2,3,1,2.333333333
20,Male,NA,0,NA,1,NA,NA,NA,NA,NA,NA,NA,0,1,2,1,5,6,5,6,4,2,1,1,1,1,2,1,5,4,4,3,4,3,6,6,4,6,4,5,4,5,3,5,4,5,4,5,0,NA,2,NA,NA,NA,NA,NA,2,NA,3,4,0,5ca3ab263c73ca00165e1f47,Female promiscuity first,5,1.333333333,1.5,5.333333333,4,3.555555556,4,4,5,4,5,2,2,2.714285714,3,3,2,3,3.666666667,3.666666667
29,Male,NA,0,NA,NA,NA,NA,NA,1,NA,NA,NA,0,2,2,1,5,1,9,2,1,2,3,2,4,3,3,1,2,4,5,6,4,2,5,4,4,7,2,7,5,5,1,7,4,7,5,5,0,NA,0,NA,NA,NA,NA,NA,8,NA,1,4,0,5acb3b88f69e940001d9b83a,Male promiscuity first,1,1.666666667,1.5,2.333333333,1.666666667,1.888888889,4,3,2,4,6,3,4,3.142857143,1,1,1,1,2.833333333,3
21,Male,NA,0,NA,NA,1,NA,NA,NA,NA,NA,NA,0,5,4,3,5,6,6,6,6,6,3,3,3,3,3,3,4,6,6,6,6,6,6,6,4,4,4,4,4,4,4,4,4,4,4,4,0,NA,0,NA,NA,NA,NA,NA,1,NA,4,4,0,5f37d5b7d064d627ab3e9655,Female promiscuity first,4,4,3.5,5,6,5,2,2,2,2,2,2,2,2.571428571,4,4,4,4,4,4
21,Male,NA,0,NA,NA,1,NA,NA,NA,NA,NA,NA,0,1,1,4,9,5,7,4,6,2,4,4,3,6,6,4,5,5,5,7,7,7,7,7,1,7,4,6,7,2,2,6,6,6,6,2,0,NA,0,NA,NA,NA,NA,NA,9,none,1,4,0,5f3bb36d3bb11c8f9e5281f6,Male promiscuity first,3,2,2.5,5.666666667,4,3.888888889,3,3,1,1,1,1,1,3.071428571,2,2,1,2,3.333333333,2.833333333
21,Male,NA,0,NA,1,NA,NA,NA,NA,NA,NA,NA,0,1,1,1,7,7,5,2,2,1,1,1,1,1,3,1,2,6,7,7,6,7,6,6,1,7,2,7,1,2,1,7,2,7,1,2,0,NA,0,NA,NA,NA,NA,NA,0,NA,1,2,0,5ea9cfe7386479120ae4ac13,Female promiscuity first,5,1,1,6.333333333,1.666666667,3,2,1,1,2,1,2,2,1.5,1,1,1,1,1.333333333,1.333333333
23,Male,NA,0,NA,NA,1,NA,NA,NA,NA,NA,NA,0,1,3,1,5,5,5,7,6,4,5,5,7,3,2,5,2,4,4,4,5,4,6,4,4,6,4,6,4,5,4,6,4,6,4,5,0,NA,0,NA,NA,NA,NA,NA,1,NA,4,5,0,578163a5c6144900014a0d21,Female promiscuity first,5,1.666666667,2,5,5.666666667,4.111111111,4,4,4,3,4,2,4,3.857142857,2,2,2,2,3.5,3.5
23,Male,NA,0,NA,NA,1,NA,NA,NA,NA,NA,NA,0,4,4,4,6,6,1,6,1,7,1,1,7,1,1,1,1,3,5,5,5,6,6,6,1,6,1,6,1,1,1,6,1,6,1,1,0,NA,2,NA,NA,NA,NA,NA,1,NA,5,5,0,5ea01111a85f0c000a22f0f5,Male promiscuity first,9,4,4,7,4.666666667,5.222222222,5,3,3,3,2,2,2,2.357142857,2,2,2,2,1.333333333,1.333333333
33,Male,NA,0,NA,NA,1,NA,NA,NA,NA,NA,NA,0,2,4,4,9,4,2,5,5,5,6,7,5,7,6,7,7,7,7,7,7,7,7,7,1,7,1,7,1,1,1,7,1,7,1,1,0,NA,0,NA,NA,NA,NA,NA,0,NA,1,3,0,5cc492b6155841001a26c24a,Female promiscuity first,8,3.333333333,4,7,5,5.111111111,1,1,1,1,1,1,1,3.714285714,1,1,1,1,1,1
23,Male,NA,0,NA,1,NA,NA,NA,NA,NA,NA,NA,0,1,1,1,3,1,8,7,2,2,2,2,2,3,3,2,4,5,6,6,6,5,6,6,5,5,3,3,3,5,5,5,3,3,3,5,0,NA,0,NA,NA,NA,NA,NA,0,NA,2,3,0,5f120634c71c0201ea40864c,Female promiscuity first,2,1,1,2,3.666666667,2.222222222,3,2,2,2,3,2,2,2.428571429,3,5,3,5,4,4
22,Female,NA,1,NA,NA,NA,NA,NA,1,NA,NA,NA,0,2,2,1,9,9,3,2,2,2,2,2,4,2,2,2,2,6,6,6,4,5,5,5,1,7,1,7,1,1,1,7,1,7,1,1,0,NA,0,Lithuanian,NA,NA,NA,NA,1,NA,1,3,0,5ee9e9c1496265000a792544,Male promiscuity first,7,1.666666667,1.5,8.333333333,2,4,2,2,2,4,3,3,3,2.5,1,1,1,1,1,1
26,Male,NA,0,NA,NA,1,NA,NA,NA,NA,NA,NA,0,1,1,1,6,4,6,4,2,2,2,2,1,2,2,1,1,5,5,6,6,5,6,5,2,6,2,5,2,3,2,6,2,6,2,3,0,NA,0,NA,NA,NA,NA,NA,9,Individualism,3,3,0,5c8a2d11f7ab04001042af3c,Male promiscuity first,4,1,1,4.666666667,2.666666667,2.777777778,3,3,2,2,3,2,3,2.071428571,2,2,2,3,2.166666667,2.333333333
34,Male,NA,0,NA,NA,NA,NA,NA,NA,1,NA,NA,0,2,1,1,9,9,1,2,2,2,1,1,1,1,1,1,2,7,7,7,6,7,7,7,1,7,1,7,1,1,1,7,1,7,1,1,0,NA,0,NA,NA,NA,NA,NA,0,NA,1,2,0,5f3125c68d98745b4f49531b,Male promiscuity first,9,1.333333333,1,9,2,4.111111111,1,1,1,2,1,1,1,1.142857143,1,1,1,1,1,1
38,Male,NA,0,NA,NA,NA,NA,NA,NA,1,NA,NA,0,2,1,1,8,3,5,3,1,1,1,1,1,1,1,1,1,1,1,7,7,7,7,7,2,7,1,7,1,2,1,7,1,7,1,1,0,NA,0,NA,NA,NA,NA,NA,NA,NA,1,2,0,598d787cb83f800001a5dc8b,Male promiscuity first,5,1.333333333,1,5.333333333,1.666666667,2.777777778,7,7,1,1,1,1,1,1.857142857,1,1,1,1,1,1.333333333
23,Male,NA,0,NA,NA,NA,NA,NA,1,NA,NA,NA,0,2,2,1,9,9,2,5,2,4,7,5,7,6,2,6,5,3,2,4,2,5,5,5,1,7,1,7,1,1,2,7,1,3,3,3,0,NA,2,NA,NA,NA,NA,NA,0,NA,1,4,0,5f4bd5af6591fd0a0899594f,Male promiscuity first,8,1.666666667,1.5,8.666666667,3.666666667,4.666666667,5,6,4,6,3,3,3,4.857142857,1,5,1,1,2.5,1
21,Male,NA,0,NA,NA,1,NA,NA,NA,NA,NA,NA,0,1,1,1,3,1,6,5,2,2,6,6,1,6,5,6,6,1,1,1,1,1,2,2,4,6,1,6,1,1,4,6,1,6,1,NA,0,NA,0,Slavic,NA,NA,NA,NA,0,NA,1,4,0,5c59b7c69404f10001ff8850,Female promiscuity first,4,1,1,2.666666667,3,2.222222222,7,7,7,7,7,6,6,5.928571429,2,2,2,2,2,1.833333333
26,Male,NA,0,NA,1,NA,NA,NA,1,NA,NA,NA,0,2,2,1,5,3,9,6,2,1,7,1,1,1,1,1,1,7,7,7,6,4,6,5,4,7,1,4,4,4,1,7,4,4,4,4,0,NA,2,NA,NA,NA,NA,NA,0,NA,2,5,0,5cc4852fbbae0c0016b3f72b,Male promiscuity first,1,1.666666667,1.5,3,3,2.555555556,1,1,1,2,4,2,3,1.928571429,1,4,1,4,3,3
26,Male,NA,0,NA,1,NA,NA,NA,NA,NA,NA,NA,0,1,1,1,6,7,3,8,7,5,3,2,6,3,5,4,1,6,6,7,7,7,7,7,4,5,3,4,5,5,4,5,4,5,3,3,0,NA,0,NA,NA,NA,NA,NA,1,NA,5,4,0,5f1470b0d0d9fa4d3676fa75,Male promiscuity first,7,1,1,6.666666667,6.666666667,4.777777778,2,2,1,1,1,1,1,2.357142857,3,3,3,4,3.333333333,4
27,Female,NA,1,NA,1,NA,NA,NA,NA,NA,NA,NA,0,1,1,1,2,2,8,1,2,1,4,5,5,5,4,4,6,2,4,4,1,1,2,2,4,7,2,5,2,2,3,7,1,7,1,1,0,NA,2,NA,NA,NA,NA,NA,0,NA,2,4,0,5f12dcb7696881177349b587,Male promiscuity first,2,1,1,2,1.333333333,1.444444444,6,4,4,7,7,6,6,5.214285714,1,1,1,3,1.333333333,2.333333333
35,Male,NA,0,NA,NA,NA,NA,NA,1,NA,NA,NA,0,2,8,8,9,9,1,7,7,7,5,5,5,5,2,4,2,3,5,6,6,6,6,6,1,7,1,7,1,1,1,7,1,7,1,1,0,NA,0,NA,NA,NA,NA,NA,8,NA,1,4,0,5a102e9dfdf6fc0001279561,Female promiscuity first,9,6,8,9,7,7.333333333,5,3,2,2,2,2,2,3.285714286,1,1,1,1,1,1
26,Male,NA,0,NA,NA,NA,NA,NA,1,NA,NA,NA,0,2,2,2,8,8,2,8,8,8,6,5,5,3,3,3,4,6,6,6,6,6,6,6,2,6,2,6,4,4,2,6,2,6,4,4,0,NA,0,NA,NA,NA,NA,NA,8,NA,1,3,0,5c92f797803bff0017fef8dd,Male promiscuity first,8,2,2,8,8,6,2,2,2,2,2,2,2,3.071428571,2,2,2,2,2.666666667,2.666666667
19,Male,NA,0,NA,NA,1,NA,NA,NA,NA,NA,NA,0,3,6,7,7,7,3,4,5,4,5,5,3,5,3,2,3,6,6,6,5,6,6,5,2,6,2,6,2,2,2,6,2,6,1,1,0,NA,0,NA,NA,NA,NA,NA,0,NA,1,3,0,5f16eacda4825201277e8866,Female promiscuity first,7,5.333333333,6.5,7,4.333333333,5.555555556,2,2,2,3,2,2,3,3,2,2,2,2,1.666666667,2
19,Male,NA,0,NA,NA,1,NA,NA,NA,NA,NA,NA,0,1,1,2,9,7,7,9,8,9,5,2,1,2,3,1,5,6,6,6,6,4,4,4,1,7,1,7,7,1,1,7,1,7,1,1,0,NA,0,NA,NA,NA,NA,NA,8,NA,2,4,0,5f15ba57033817232b3b762b,Male promiscuity first,3,1.333333333,1.5,6.333333333,8.666666667,5.444444444,2,2,2,2,4,4,4,2.785714286,1,1,1,1,1,2
34,Male,NA,0,NA,NA,NA,NA,NA,1,NA,NA,NA,0,2,5,7,8,4,2,6,4,6,2,2,2,2,2,2,2,6,6,6,6,6,6,6,6,7,2,6,2,2,2,6,2,6,2,2,0,NA,0,NA,NA,NA,NA,NA,0,NA,1,3,0,5c7533d7c3fe130001e86dce,Male promiscuity first,8,4.666666667,6,6.666666667,5.333333333,5.555555556,2,2,2,2,2,2,2,2,2,2,1,2,2,2.5
34,Male,NA,0,NA,1,NA,NA,NA,NA,NA,NA,NA,0,2,1,2,8,6,3,7,6,6,5,6,4,5,4,6,5,5,5,6,4,6,6,6,6,5,3,6,5,5,6,6,3,3,5,5,0,NA,0,NA,NA,NA,NA,NA,0,NA,1,6,0,5f454d66c4eaf010cdacb436,Male promiscuity first,7,1.666666667,1.5,7,6.333333333,5,3,3,2,4,2,2,2,3.785714286,2,5,3,2,4.333333333,4
33,Male,NA,0,NA,NA,NA,NA,NA,1,NA,NA,NA,0,2,5,3,9,8,1,6,6,2,1,1,1,4,3,1,2,6,6,7,6,3,6,7,1,7,1,7,1,1,1,6,1,7,1,1,0,NA,0,NA,NA,NA,NA,NA,0,NA,1,2,0,5b79cb3087d85f0001ba00c6,Female promiscuity first,9,3.333333333,4,8.666666667,4.666666667,5.555555556,2,2,1,2,5,2,1,2,2,1,1,1,1.166666667,1
20,Male,NA,0,NA,NA,NA,NA,NA,1,NA,NA,NA,0,1,1,1,5,3,7,2,3,1,5,1,2,1,1,1,1,7,7,7,6,4,6,7,2,5,2,4,4,3,2,6,2,4,4,3,0,NA,0,NA,NA,NA,NA,NA,1,NA,2,2,0,5edac0e5b2e7c9153a071ba6,Male promiscuity first,3,1,1,3.666666667,2,2.222222222,1,1,1,2,4,2,1,1.714285714,2,4,3,4,2.833333333,3
26,Male,NA,0,NA,NA,NA,NA,NA,1,NA,NA,NA,0,2,1,2,5,4,5,3,2,2,5,4,3,4,2,4,6,5,5,5,5,3,5,5,4,5,4,4,2,2,4,5,2,4,5,5,0,NA,0,white european,NA,NA,NA,NA,1,NA,1,5,0,5f1db5c29a55042adf115550,Male promiscuity first,5,1.666666667,1.5,4.666666667,2.333333333,2.888888889,3,3,3,3,5,3,3,3.642857143,3,4,3,4,3.833333333,3.166666667
22,Male,NA,0,NA,1,NA,NA,NA,NA,NA,NA,NA,0,2,2,2,7,6,2,5,3,2,2,2,1,1,1,2,6,7,6,7,7,7,6,5,1,7,1,7,1,1,1,7,1,7,1,1,0,NA,0,NA,NA,NA,NA,NA,8,NA,1,2,0,5b2e8311aca2940001424a2d,Female promiscuity first,8,2,2,7,3.333333333,4.111111111,1,2,1,1,1,2,3,1.857142857,1,1,1,1,1,1
27,Male,NA,0,NA,NA,NA,NA,NA,NA,1,NA,NA,0,2,1,1,3,1,3,1,1,1,1,3,1,2,4,3,4,6,5,7,6,5,7,5,1,7,1,2,1,2,2,7,1,7,1,2,0,NA,0,NA,NA,NA,NA,NA,0,NA,1,4,0,56942342e0c80000055966c0,Female promiscuity first,7,1.333333333,1,3.666666667,1,2,2,3,1,2,3,1,3,2.357142857,1,1,1,6,1.333333333,2
21,Male,NA,0,NA,NA,1,NA,NA,NA,NA,NA,NA,0,1,1,1,8,3,2,6,4,5,1,1,1,1,1,1,2,7,7,7,7,7,7,7,1,7,1,7,1,1,1,7,1,7,1,1,0,NA,2,NA,NA,NA,NA,NA,5,NA,3,1,0,5f0a20a203b5db2ec85343fe,Male promiscuity first,8,1,1,6.333333333,5,4.111111111,1,1,1,1,1,1,1,1.071428571,1,1,1,1,1,1
24,Male,NA,0,NA,NA,1,NA,NA,NA,NA,NA,NA,0,2,2,2,9,7,2,7,6,6,2,2,1,1,2,1,2,7,7,7,7,6,7,7,1,7,1,7,1,2,1,7,1,5,1,1,0,NA,2,NA,NA,NA,NA,NA,0,NA,1,1,0,5b68c9eb87af310001584803,Female promiscuity first,8,2,2,8,6.333333333,5.444444444,1,1,1,1,2,1,1,1.357142857,1,3,1,1,1.333333333,1.166666667
20,Male,NA,0,NA,NA,1,NA,NA,NA,NA,NA,NA,0,1,1,1,8,6,6,6,3,5,1,1,2,2,2,1,3,6,7,7,6,6,7,7,1,7,1,7,1,1,1,7,1,7,1,1,0,NA,0,NA,NA,NA,NA,NA,0,NA,2,3,0,5ec2a22e9cedf70954cb873e,Female promiscuity first,4,1,1,6,4.666666667,3.888888889,2,1,1,2,2,1,1,1.571428571,1,1,1,1,1,1
31,Male,NA,0,NA,NA,NA,NA,NA,NA,1,NA,NA,0,2,2,2,5,7,2,4,4,3,4,5,3,5,6,4,5,3,3,3,5,2,3,5,1,7,1,5,1,1,1,6,1,6,2,1,0,NA,0,NA,NA,NA,NA,NA,NA,NA,2,4,0,5c3f9ae8ef1d0d0001b2d5e4,Female promiscuity first,8,2,2,6.666666667,3.666666667,4.111111111,5,5,5,3,6,5,3,4.571428571,2,2,1,3,1.5,1.333333333
33,Male,NA,0,NA,NA,1,NA,NA,NA,NA,NA,NA,0,1,2,1,9,2,4,8,3,2,1,1,1,1,1,1,1,7,7,7,7,7,7,7,1,7,1,7,1,1,1,7,1,7,1,1,0,NA,0,NA,NA,NA,NA,NA,1,NA,3,2,0,5ec1a76a903b335cae864ca8,Female promiscuity first,6,1.333333333,1.5,5.666666667,4.333333333,3.777777778,1,1,1,1,1,1,1,1,1,1,1,1,1,1
18,Male,NA,0,NA,1,NA,NA,NA,NA,NA,NA,NA,0,1,1,1,9,8,6,8,8,7,7,7,6,7,5,5,6,6,6,6,7,7,7,7,5,5,4,5,4,4,4,5,4,4,6,6,0,NA,0,NA,NA,NA,NA,NA,0,NA,3,3,0,5eed04be24c83c0fe64d3af8,Male promiscuity first,4,1,1,7,7.666666667,5.222222222,2,2,2,1,1,1,1,3.785714286,3,4,3,3,4.5,3.833333333
20,Male,NA,0,NA,NA,1,NA,NA,NA,NA,NA,NA,0,1,1,1,7,8,4,7,5,4,4,5,4,2,3,1,5,4,4,5,6,1,5,5,2,7,1,5,3,5,3,7,1,5,3,4,0,NA,0,NA,NA,NA,NA,NA,0,NA,1,6,0,5eea9d46bc56df13430bc510,Male promiscuity first,6,1,1,7,5.333333333,4.444444444,4,4,3,2,7,3,3,3.571428571,1,3,1,3,2.5,2.5
22,Male,NA,0,NA,NA,NA,NA,NA,1,NA,NA,NA,0,4,2,2,9,2,4,2,2,3,1,1,1,1,1,1,1,7,7,7,7,7,7,7,1,7,1,7,1,1,1,7,1,7,1,1,0,NA,0,NA,NA,NA,NA,NA,0,NA,1,2,0,5edad742eb466b7390c374d7,Female promiscuity first,6,2.666666667,2,5.666666667,2.333333333,3.555555556,1,1,1,1,1,1,1,1,1,1,1,1,1,1
20,Male,NA,0,NA,NA,NA,NA,1,NA,NA,NA,NA,0,6,2,4,7,7,3,7,6,2,2,2,2,5,5,1,5,6,6,6,6,7,5,6,1,7,1,7,1,1,1,7,1,7,1,1,0,NA,0,NA,NA,NA,NA,NA,0,NA,1,5,0,5f07ae497c15033e8fe3ee71,Female promiscuity first,7,4,3,7,5,5.333333333,2,2,2,2,1,3,2,2.571428571,1,1,1,1,1,1
22,Male,NA,0,NA,NA,NA,NA,NA,NA,NA,1,Long-distance relationship,0,1,1,1,7,5,4,7,3,3,3,4,3,4,3,2,2,6,6,7,6,6,6,5,4,6,3,5,4,4,4,6,3,5,4,4,0,NA,0,NA,NA,NA,NA,NA,0,NA,1,3,0,5cedab1a91fbfa001a0fe00c,Male promiscuity first,6,1,1,6,4.333333333,3.777777778,2,2,1,2,2,2,3,2.5,2,3,2,3,3.333333333,3.333333333
40,Male,NA,0,NA,NA,NA,NA,NA,1,NA,NA,NA,0,3,1,2,1,8,1,7,7,5,2,1,7,1,3,1,1,7,7,7,7,7,7,5,2,7,1,7,2,1,1,7,1,7,1,1,0,NA,0,NA,NA,NA,NA,NA,0,NA,1,3,0,5db767dfdda62c000caa2a95,Male promiscuity first,9,2,1.5,6,6.333333333,4.777777778,1,1,1,1,1,1,3,1.785714286,1,1,1,1,1,1.333333333
19,Male,NA,0,NA,NA,NA,NA,NA,1,NA,NA,NA,0,2,2,2,5,5,5,6,3,3,5,1,2,4,4,3,5,4,4,3,5,5,3,5,NA,7,1,7,7,6,7,7,1,7,4,5,0,NA,0,NA,NA,NA,NA,NA,0,NA,1,4,0,5e31d1c2829e3803bde39c7f,Female promiscuity first,5,2,2,5,4,3.666666667,4,4,5,3,3,5,3,3.642857143,1,1,1,1,3.166666667,3.2
25,Female,NA,1,NA,NA,NA,NA,1,NA,NA,NA,NA,0,4,4,7,8,7,3,2,2,1,3,3,3,3,2,2,3,6,6,7,6,6,7,6,2,6,2,6,2,2,1,6,2,6,1,1,0,NA,0,NA,NA,NA,NA,NA,8,NA,2,4,0,5f121c1a57491a053c0ca02a,Male promiscuity first,7,5,5.5,7.333333333,1.666666667,4.666666667,2,2,1,2,2,1,2,2.214285714,2,2,2,2,1.5,2
26,Male,NA,0,NA,NA,1,NA,NA,NA,NA,NA,NA,0,1,1,2,9,5,2,6,2,1,2,2,1,2,1,1,1,7,7,7,7,7,7,7,1,7,1,7,2,2,1,7,1,7,2,2,0,NA,0,NA,NA,NA,NA,NA,0,NA,1,2,0,5e89d8051ffd190009ccfe6d,Male promiscuity first,8,1.333333333,1.5,7.333333333,3,3.888888889,1,1,1,1,1,1,1,1.214285714,1,1,1,1,1.333333333,1.333333333
25,Male,NA,0,NA,NA,NA,NA,NA,1,NA,NA,NA,0,2,8,8,9,9,1,7,7,7,1,1,1,1,1,1,1,7,7,7,7,7,7,7,1,7,1,7,1,1,1,7,1,7,1,1,0,NA,0,NA,NA,NA,NA,NA,8,NA,1,1,0,5f089e931bd6330d9058e45f,Female promiscuity first,9,6,8,9,7,7.333333333,1,1,1,1,1,1,1,1,1,1,1,1,1,1
25,Male,NA,0,NA,NA,1,NA,NA,NA,NA,NA,NA,0,1,2,2,9,6,3,9,7,8,5,2,2,2,6,2,4,5,5,5,4,4,6,4,2,6,2,6,3,2,4,6,2,5,5,4,0,NA,0,eastern european,NA,NA,NA,NA,9,spiritualism,6,5,0,5d1b5bb2e24a990001f3247d,Male promiscuity first,7,1.666666667,2,7.333333333,8,5.666666667,3,3,3,4,4,2,4,3.285714286,2,3,2,2,3.333333333,2.166666667
30,Male,NA,0,NA,NA,1,NA,NA,NA,NA,NA,NA,0,2,2,6,9,9,1,9,5,5,1,1,1,1,1,1,1,6,6,6,7,7,7,7,1,6,2,6,1,1,1,7,2,6,1,1,0,NA,3,NA,NA,NA,Caribbean/ Indian,NA,0,NA,1,1,0,NA,Female promiscuity first,9,3.333333333,4,9,6.333333333,6.222222222,2,2,2,1,1,1,1,1.214285714,1,2,2,2,1.333333333,1.5
19,Male,NA,0,NA,NA,NA,NA,1,NA,NA,NA,NA,0,1,1,1,6,7,2,6,2,1,1,1,1,1,1,1,1,6,7,5,7,7,7,7,1,6,1,7,1,1,1,7,1,7,1,1,0,NA,0,NA,NA,NA,NA,NA,1,NA,4,3,0,5eeaa7b09312211d1553c286,Female promiscuity first,8,1,1,7,3,3.666666667,2,1,3,1,1,1,1,1.214285714,1,1,2,1,1,1.166666667
29,Male,NA,0,NA,NA,NA,NA,NA,1,NA,NA,NA,0,2,3,3,7,7,1,2,2,3,1,1,1,1,1,1,5,7,7,7,7,6,7,6,5,7,1,3,5,5,4,6,2,4,5,5,0,NA,1,NA,NA,NA,NA,NA,1,NA,5,5,0,5ee503ad7a8aa722714b91f4,Female promiscuity first,9,2.666666667,3,7.666666667,2.333333333,4.222222222,1,1,1,1,2,1,2,1.428571429,2,4,1,5,3.666666667,3.666666667
23,Female,NA,1,NA,NA,NA,NA,NA,1,NA,NA,NA,0,2,2,2,6,4,5,4,2,3,3,2,5,3,2,1,3,6,6,5,6,6,6,5,2,6,4,5,3,5,2,6,3,6,3,5,0,NA,0,NA,NA,NA,NA,NA,0,NA,1,3,0,5ec821a7e4cab611190a4dcc,Female promiscuity first,5,2,2,5,3,3.333333333,2,2,3,2,2,2,3,2.5,2,2,2,3,2.833333333,3.166666667
18,Male,NA,0,NA,NA,1,NA,NA,NA,NA,NA,NA,0,1,1,1,5,6,9,7,2,8,4,5,6,5,4,2,1,1,1,1,3,3,5,5,5,5,6,2,6,4,6,3,6,6,7,7,0,NA,0,NA,NA,NA,NA,NA,1,NA,3,5,0,5c8bbcad1200240017bb239a,Male promiscuity first,1,1,1,4,5.666666667,3.555555556,7,7,7,5,5,3,3,4.571428571,5,2,3,6,5.5,5
18,Male,NA,0,NA,NA,1,NA,NA,NA,NA,NA,NA,0,2,2,1,9,9,1,8,7,9,2,2,1,1,2,1,5,6,7,7,6,4,6,7,2,7,5,2,6,3,1,7,7,7,1,2,0,NA,0,NA,NA,NA,NA,NA,0,NA,1,4,0,5f44547ebb802e1884b87096,Male promiscuity first,9,1.666666667,1.5,9,8,6.222222222,2,1,1,2,4,2,1,1.928571429,1,1,1,6,2.166666667,3.833333333
21,Male,NA,0,NA,1,NA,NA,NA,NA,NA,NA,NA,0,3,5,6,9,7,1,2,2,1,4,2,4,4,5,2,3,1,7,6,4,4,6,6,2,6,2,5,2,3,2,6,2,5,2,3,0,NA,0,NA,NA,NA,NA,NA,8,NA,1,4,0,5cbe0f4e11908d000152ebbb,Female promiscuity first,9,4.666666667,5.5,8.333333333,1.666666667,4.888888889,7,1,2,4,4,2,2,3.285714286,2,3,2,3,2.333333333,2.333333333
32,Male,NA,0,NA,1,NA,NA,NA,NA,NA,NA,NA,0,1,2,2,6,3,4,7,5,5,2,2,3,1,3,1,3,6,6,7,6,4,5,5,2,6,2,5,5,2,2,6,2,6,5,2,0,NA,0,NA,NA,NA,NA,NA,0,NA,2,4,0,5edf66ed1a0915219e55d5ca,Female promiscuity first,6,1.666666667,2,5,5.666666667,4.111111111,2,2,1,2,4,3,3,2.285714286,2,2,2,3,2.5,2.666666667
25,Male,NA,0,NA,NA,NA,NA,NA,1,NA,NA,NA,0,3,1,1,8,2,3,5,5,2,2,2,2,1,3,1,3,4,7,6,7,7,7,7,2,6,3,6,5,5,2,6,3,6,6,5,0,NA,0,NA,NA,NA,NA,NA,8,NA,3,4,0,5f29956706537e0d6efca7c2,Male promiscuity first,7,1.666666667,1,5.666666667,4,3.777777778,4,1,2,1,1,1,1,1.785714286,2,2,2,2,3.333333333,3.166666667
20,Male,NA,0,NA,1,NA,NA,NA,NA,NA,NA,NA,0,3,1,3,7,7,3,6,6,5,2,2,2,3,4,1,2,5,5,7,5,5,5,4,1,6,3,5,2,2,2,5,3,4,3,4,0,NA,0,NA,NA,NA,NA,NA,2,NA,4,3,0,5ea95f10a88a36048655b15f,Male promiscuity first,7,2.333333333,2,7,5.666666667,5,3,3,1,3,3,3,4,2.571428571,3,4,2,3,3.166666667,2.166666667
35,Male,NA,0,NA,NA,NA,NA,NA,1,NA,NA,NA,0,2,8,8,8,6,1,7,3,5,5,5,6,3,3,5,3,6,5,6,6,5,7,5,1,7,1,5,3,2,2,7,1,5,3,3,0,NA,0,NA,NA,NA,NA,NA,0,NA,1,4,0,5d128b2090265e00159ba969,Male promiscuity first,9,6,8,7.666666667,5,6.222222222,2,3,2,2,3,1,3,3.285714286,1,3,1,3,2.166666667,1.833333333
18,Male,NA,0,NA,NA,1,NA,NA,NA,NA,NA,NA,0,6,4,4,7,6,3,6,4,6,5,3,2,2,3,4,5,7,7,7,5,7,6,4,2,6,2,4,4,2,2,6,2,4,4,3,0,NA,0,NA,NA,NA,NA,NA,8,NA,2,5,0,5eeca11b2c93d5024cf8472c,Female promiscuity first,7,4.666666667,4,6.666666667,5.333333333,5.555555556,1,1,1,3,1,2,4,2.642857143,2,4,2,4,2.833333333,2.666666667
38,Male,NA,0,NA,1,NA,NA,NA,NA,NA,NA,NA,0,1,1,1,4,1,7,2,3,2,2,2,2,2,1,2,1,7,6,6,6,6,7,6,5,5,4,3,3,4,4,5,4,3,3,4,0,NA,0,NA,NA,NA,NA,NA,8,NA,1,2,0,5ea4a546a1589107aad124a2,Female promiscuity first,3,1,1,2.666666667,2.333333333,2,1,2,2,2,2,1,2,1.714285714,3,5,3,5,3.833333333,4
20,Male,NA,0,NA,NA,NA,NA,NA,1,NA,NA,NA,0,2,1,1,8,3,1,2,1,1,1,5,1,1,2,5,5,7,7,7,7,7,7,7,1,7,1,7,1,1,1,7,1,7,1,1,0,NA,0,NA,NA,NA,NA,NA,0,NA,1,1,0,5f42a5bab373650d147f3ca3,Male promiscuity first,9,1.333333333,1,6.666666667,1.333333333,3.111111111,1,1,1,1,1,1,1,1.928571429,1,1,1,1,1,1
26,Female,NA,1,NA,1,NA,NA,NA,NA,NA,NA,NA,0,1,3,2,2,2,9,6,3,3,5,5,3,5,3,4,3,7,7,7,7,7,7,7,6,4,6,4,6,7,6,5,6,4,4,4,0,NA,1,NA,NA,NA,NA,NA,1,NA,4,1,0,5cf398a1e55efc000127adae,Male promiscuity first,1,2,2.5,1.666666667,4,2.555555556,1,1,1,1,1,1,1,2.5,3,4,4,4,4.5,5.5
32,Male,NA,0,NA,1,NA,NA,NA,NA,NA,NA,NA,0,5,8,7,9,9,1,9,8,7,1,1,1,1,1,1,1,7,7,7,7,7,7,7,1,7,1,7,1,1,1,7,1,7,1,1,0,NA,0,NA,NA,NA,NA,NA,9,"None, I don't identify with any religious view.",1,1,0,5e6000b9d196fd34663a9d80,Male promiscuity first,9,6.666666667,7.5,9,8,7.888888889,1,1,1,1,1,1,1,1,1,1,1,1,1,1
31,Male,NA,0,NA,NA,1,NA,NA,NA,NA,NA,NA,0,2,4,4,9,9,2,5,4,6,4,2,5,2,3,1,1,6,6,6,6,7,7,7,1,7,1,7,1,1,1,7,1,7,1,1,0,NA,0,NA,NA,NA,NA,NA,9,none of the above.,1,4,0,5f3baabbcee6b38e1ca4098e,Female promiscuity first,8,3.333333333,4,8.666666667,5,5.666666667,2,2,2,2,1,1,1,2.071428571,1,1,1,1,1,1
23,Male,NA,0,NA,1,NA,NA,NA,NA,NA,NA,NA,0,1,1,1,2,1,9,5,5,3,2,2,2,3,3,2,2,6,6,6,5,5,5,5,7,2,7,2,4,5,6,3,6,4,4,5,0,NA,2,NA,NA,NA,NA,NA,5,NA,5,3,0,5eb8c16a3a7a17837b2d1828,Male promiscuity first,1,1,1,1.333333333,4.333333333,2.222222222,2,2,2,3,3,3,3,2.428571429,5,4,6,6,5,5.833333333
37,Male,NA,0,NA,NA,NA,NA,NA,NA,1,NA,NA,0,2,1,1,7,3,5,9,9,9,1,7,1,7,7,4,4,7,7,7,4,7,5,6,7,7,1,7,1,1,1,7,1,7,1,1,0,NA,0,NA,NA,NA,NA,NA,0,NA,1,1,0,5ecbbf23da622002fcca74fe,Male promiscuity first,5,1.333333333,1,5,9,5.111111111,1,1,1,4,1,3,2,3.142857143,1,1,1,1,1,2
22,Male,NA,0,NA,NA,NA,NA,NA,1,NA,NA,NA,0,NA,1,1,9,2,4,1,1,1,3,2,2,2,1,1,1,6,6,7,6,6,7,6,1,7,1,7,1,1,1,7,1,7,1,1,0,NA,0,NA,NA,NA,NA,NA,0,NA,1,3,0,5ee0fc80afc30b0ccf0ea0d3,Female promiscuity first,6,1,1,5.666666667,1,2.555555556,2,2,1,2,2,1,2,1.714285714,1,1,1,1,1,1
21,Male,NA,0,NA,NA,NA,NA,NA,1,NA,NA,NA,0,4,2,2,3,2,6,1,1,1,3,3,4,3,4,3,4,5,5,4,5,4,5,4,4,5,4,4,3,5,4,5,3,4,4,5,0,NA,0,NA,NA,NA,NA,NA,0,NA,1,4,0,5acbd2ea436f550001002904,Female promiscuity first,4,2.666666667,2,3,1,2.222222222,3,3,4,3,4,3,4,3.428571429,3,4,3,4,3.833333333,3.833333333
25,Male,NA,0,NA,NA,NA,NA,NA,1,NA,NA,NA,0,2,2,1,9,5,5,1,1,1,1,1,1,1,1,1,5,5,5,5,6,5,4,5,1,7,1,NA,1,1,1,7,1,7,1,1,0,NA,3,NA,NA,NA,Asian British Bengali,NA,5,NA,4,2,0,5f3d295755f8ed04b8a4dcbd,Female promiscuity first,5,1.666666667,1.5,6.333333333,1,3,3,3,3,2,3,4,3,2.285714286,1,1,1,NA,1,1
27,Male,NA,0,NA,1,1,NA,NA,NA,NA,NA,NA,0,1,1,1,7,3,6,7,4,4,2,2,2,3,3,2,2,6,7,7,6,6,7,7,2,6,2,6,3,3,2,6,2,5,3,3,0,NA,0,NA,NA,NA,NA,NA,0,NA,1,3,0,5d5988df44609300192e3521,Female promiscuity first,4,1,1,4.666666667,5,3.555555556,2,1,1,2,2,1,1,1.857142857,2,3,2,2,2.5,2.333333333
25,Male,NA,0,NA,NA,NA,NA,NA,1,NA,NA,NA,0,2,7,8,8,8,2,7,2,3,5,7,1,6,2,4,5,7,7,7,7,7,7,6,2,6,2,6,2,2,2,6,2,6,2,2,0,NA,1,NA,NA,NA,NA,NA,8,NA,4,3,0,5ed952f4e615364ccb6af6d9,Male promiscuity first,8,5.666666667,7.5,8,4,5.888888889,1,1,1,1,1,1,2,2.714285714,2,2,2,2,2,2
20,Female,NA,1,NA,NA,NA,NA,NA,1,NA,NA,NA,0,2,2,2,5,5,5,1,1,1,1,1,1,1,1,1,1,7,7,7,7,7,7,7,4,7,4,4,4,4,4,7,4,4,4,4,0,NA,0,NA,NA,NA,NA,NA,0,NA,1,3,0,5e874bd951075a390c6a38e2,Male promiscuity first,5,2,2,5,1,2.666666667,1,1,1,1,1,1,1,1,1,4,1,4,3.5,3.5
18,Male,NA,0,NA,1,NA,NA,NA,NA,NA,NA,NA,0,1,1,1,3,2,7,2,3,2,1,2,5,2,3,5,1,3,5,4,2,6,6,5,5,6,3,6,2,2,6,5,5,2,4,2,0,NA,0,NA,NA,NA,NA,NA,9,Non-Religious,1,6,0,5f0318e6a25b774b905a3909,Female promiscuity first,3,1,1,2.666666667,2.333333333,2,5,3,4,6,2,2,3,3.142857143,3,6,2,2,4.333333333,2.666666667
29,Male,NA,0,NA,NA,NA,NA,NA,1,NA,NA,NA,0,2,8,8,7,8,3,7,5,7,1,2,1,1,1,1,2,7,7,7,6,5,6,6,1,7,1,7,1,1,1,7,1,7,1,1,0,NA,0,NA,NA,NA,NA,NA,0,NA,1,1,0,5f3e6a07e06e71069f919082,Female promiscuity first,7,6,8,7.333333333,6.333333333,6.555555556,1,1,1,2,3,2,2,1.5,1,1,1,1,1,1
20,Male,NA,0,NA,NA,1,NA,NA,NA,NA,NA,NA,0,2,1,1,9,9,2,6,4,3,1,1,1,1,1,1,1,1,1,7,7,7,7,7,1,7,1,7,1,1,1,7,1,7,1,1,0,NA,0,Turkish,NA,NA,NA,NA,0,NA,1,1,0,5ee2bb826f65734459a6c122,Female promiscuity first,8,1.333333333,1,8.666666667,4.333333333,4.777777778,7,7,1,1,1,1,1,1.857142857,1,1,1,1,1,1
18,Male,NA,0,NA,1,NA,NA,NA,NA,NA,NA,NA,0,1,1,1,8,6,4,9,9,2,1,1,1,1,1,1,2,7,7,7,7,7,7,7,1,7,1,7,1,1,1,7,1,7,1,1,0,NA,0,NA,NA,NA,NA,NA,8,NA,2,4,0,5e6e6e101ffcd2431104aa66,Male promiscuity first,6,1,1,6.666666667,6.666666667,4.777777778,1,1,1,1,1,1,1,1.071428571,1,1,1,1,1,1
24,Female,NA,1,NA,NA,NA,NA,NA,1,NA,NA,NA,0,2,1,1,9,3,9,1,1,1,4,5,2,5,5,2,1,5,5,5,6,5,7,7,1,7,1,7,1,1,1,7,1,7,1,1,0,NA,0,NA,NA,NA,NA,NA,8,NA,1,3,0,5eea9502fd8990160be45c52,Male promiscuity first,1,1.333333333,1,4.333333333,1,2.222222222,3,3,3,2,3,1,1,2.857142857,1,1,1,1,1,1
20,Female,NA,1,NA,NA,NA,NA,NA,1,NA,NA,NA,0,2,2,1,6,4,6,3,2,2,5,3,2,2,1,2,5,6,6,7,6,6,6,5,2,6,2,6,5,3,2,6,3,6,3,3,0,NA,2,NA,NA,NA,NA,NA,0,NA,1,3,0,5ece41a07601671e5f07d821,Male promiscuity first,4,1.666666667,1.5,4.666666667,2.333333333,2.888888889,2,2,1,2,2,2,3,2.428571429,2,2,2,2,2.5,2.666666667
30,Male,NA,0,NA,NA,1,NA,NA,NA,NA,NA,NA,0,4,2,6,9,8,3,8,5,6,3,5,3,4,6,4,3,6,7,7,5,7,5,7,2,7,1,7,2,2,1,6,1,7,2,3,0,NA,0,NA,NA,NA,NA,NA,0,NA,1,3,0,5e459f61418f610891628564,Female promiscuity first,7,4,4,8,6.333333333,6.111111111,2,1,1,3,1,3,1,2.857142857,2,1,1,1,1.666666667,1.5
18,Male,NA,0,NA,NA,NA,NA,1,NA,NA,NA,NA,0,3,2,2,6,4,4,3,2,3,2,1,3,1,1,2,2,2,7,7,6,7,6,6,1,6,1,6,2,1,3,6,2,5,2,1,0,NA,0,NA,NA,NA,NA,NA,0,NA,1,2,0,5ef27abc9d48760e23cd8179,Female promiscuity first,6,2.333333333,2,5.333333333,2.666666667,3.444444444,6,1,1,2,1,2,2,1.928571429,2,3,2,2,2.166666667,1.5
19,Female,NA,1,NA,1,NA,NA,NA,NA,NA,NA,NA,0,1,1,1,6,6,8,2,2,1,1,1,2,3,2,1,5,1,1,7,6,7,7,6,4,5,5,3,4,5,4,5,3,4,4,5,0,NA,4,NA,NA,NA,NA,NA,1,NA,4,1,0,5f1217f36da6b51388a85d36,Female promiscuity first,2,1,1,4.666666667,1.666666667,2.444444444,7,7,1,2,1,1,2,2.571428571,3,4,3,5,3.833333333,4.333333333
25,Female,NA,1,NA,NA,1,NA,NA,NA,NA,NA,NA,0,2,5,2,7,8,7,6,4,3,6,3,4,3,2,2,3,4,4,5,5,6,5,5,5,3,2,5,6,6,3,5,2,5,5,5,0,NA,0,NA,NA,NA,NA,NA,0,NA,3,3,0,5df4a8a0805a3033fa6ef970,Male promiscuity first,3,3,3.5,6,4.333333333,4.444444444,4,4,3,3,2,3,3,3.214285714,3,3,5,3,3.5,4.5
22,Female,NA,1,NA,1,NA,NA,NA,NA,NA,NA,NA,0,1,1,1,6,1,9,1,1,1,2,2,1,4,1,1,1,7,7,7,6,7,7,7,7,1,4,1,6,6,7,1,4,1,6,6,0,NA,2,NA,NA,NA,NA,NA,5,NA,5,2,0,5f024111bc410b3d33cbd3cc,Male promiscuity first,1,1,1,2.666666667,1,1.555555556,1,1,1,2,1,1,1,1.428571429,7,7,7,7,6.166666667,6.166666667
20,Female,NA,1,NA,NA,NA,NA,NA,1,NA,NA,NA,0,2,1,4,9,1,9,2,1,2,1,1,1,1,1,1,1,7,7,7,7,7,7,7,1,7,1,7,1,1,1,7,1,7,1,1,0,NA,0,NA,NA,NA,NA,NA,0,NA,1,3,0,5f11d67286fcde0a4b70384f,Female promiscuity first,1,2.333333333,2.5,3.666666667,1.666666667,2.555555556,1,1,1,1,1,1,1,1,1,1,1,1,1,1
34,Female,NA,1,NA,NA,NA,NA,NA,NA,1,NA,NA,0,2,1,1,3,5,7,1,2,1,4,4,4,4,4,4,4,5,5,5,4,6,6,6,4,3,6,4,4,4,4,4,4,4,4,4,0,NA,2,NA,NA,NA,NA,NA,4,NA,4,5,0,5e7b7f4a7c4587185940a4ea,Male promiscuity first,3,1.333333333,1,3.666666667,1.333333333,2.111111111,3,3,3,4,2,2,2,3.357142857,4,4,5,4,4,4.5
